Gisswitchgear_iri,switchgear-asset-identifier-code,rated-voltage-ur,name,country-of-installation,end-customer,LIPROGIS,switchgear-installation-location-type,switchgear-product-type,VDB-number
http://infohub.siemens-energy.com/energy/transmission/switchgear/did/10135_AU%3A+P-018429+B1808+USA+Vineyard+66-220kV+Semco+DAN,RFK,66.0,Vineyard Electrical Service Platform,http://ontology.siemens.com/shared/geography/country/did/0.4#Us,Vineyard Wind,10135,Außen,8dn85,
http://infohub.siemens-energy.com/energy/transmission/switchgear/did/10136_AU%3A+P-018429+B1808+USA+Vineyard+66-220kV+Semco+DAN,RFK,66.0,Vineyard Electrical Service Platform,http://ontology.siemens.com/shared/geography/country/did/0.4#Us,Vineyard Wind,10136,Außen,8dn92,
http://infohub.siemens-energy.com/energy/transmission/switchgear/did/10139_AG+P-019654+B2223+Paardevlei+132kV,RFK,132.0,Paardevlei 145 kV,http://ontology.siemens.com/shared/geography/country/did/0.4#Za,Cape Town City Council,10139,Innen,8dn85,
http://infohub.siemens-energy.com/energy/transmission/switchgear/did/10166_AU%3A+P-019204+B1253+Evans+Churchill+69+kV+APS+,BMK,69.0,Evans Churchill 69 kV,http://ontology.siemens.com/shared/geography/country/did/0.4#Us,APS,10166,Innen,8dn85,
http://infohub.siemens-energy.com/energy/transmission/switchgear/did/10187_AU%3A+P-020246+B2879+FIN+Varisto+110+kV,BMK,123.0,Varisto 110kV,http://ontology.siemens.com/shared/geography/country/did/0.4#Fi,Vantaan Sähköverkot Oy,10187,Innen,8dn85,
http://infohub.siemens-energy.com/energy/transmission/switchgear/did/10196_AU%3A+P-018783+A5078+Poste+de+Lillo+150+kV+Extension+2,BMK,0.0,Poste de Lillo 150kV Extension 2,http://ontology.siemens.com/shared/geography/country/did/0.4#Be,Elia Asset n.v.,10196,Innen,8dn92,
http://infohub.siemens-energy.com/energy/transmission/switchgear/did/10197_AU%3A+P-019371+B2289+Hunters+Point+115kV+PG%26E+50kA,RFK,115.0,Hunters Point 115 kV,http://ontology.siemens.com/shared/geography/country/did/0.4#Us,PG&E,10197,Innen,8VN1-1,
http://infohub.siemens-energy.com/energy/transmission/switchgear/did/10215_AU%3A+P-018993+B2084+UIC+New+Pequonnock+145+kV+80+kA,RFK,145.0,New Pequonnock,http://ontology.siemens.com/shared/geography/country/did/0.4#Us,United Illuminating Company,10215,Außen,8DQ161,
http://infohub.siemens-energy.com/energy/transmission/switchgear/did/10252_AU%3A+P-018640+B0737++Elia+Lillo+380kV+Erweiterung+neues+Geb%C3%A4ude,BMK,380.0,Elia Lillo 380kV Extension 1 and 2,http://ontology.siemens.com/shared/geography/country/did/0.4#Be,Elia Asset s.a.,10252,Außen,Busduct,
http://infohub.siemens-energy.com/energy/transmission/switchgear/did/10304_AU%3A+P-019734+B1285+PTT+EPS+EXPANSION+PROJECT_115kV+-+%3DE11,BMK,110.0,EPS EXPANSION PROJECT_115 kV,http://ontology.siemens.com/shared/geography/country/did/0.4#Th,PTT Global Chemical Public Co. Ltd.,10304,Innen,8dn85,
http://infohub.siemens-energy.com/energy/transmission/switchgear/did/10319_AU%3A+P-020110+B2714+Terminal+Substation+%28BGPM%29+115+kV,BMK,115.0,115 kV Terminal Substation (BGPM),http://ontology.siemens.com/shared/geography/country/did/0.4#Th,B-Grimm,10319,Innen,8dn85,
http://infohub.siemens-energy.com/energy/transmission/switchgear/did/10338_AU%3A+P-018855+B1994+Toneys+Brook+69kV+PSE%26G,RFK,69.0,TONEY'S BROOK 69kV,http://ontology.siemens.com/shared/geography/country/did/0.4#Us,PSE&G,10338,Außen,8dn85,35520
http://infohub.siemens-energy.com/energy/transmission/switchgear/did/10342_AU%3A+P-018785+WASIT+POWER+STATION+132+kV+%28vorher+WASIT%29,BMK,132.0,WASIT Power Plant 132kV,UAE,MoE,10342,Außen,8dn85,
http://infohub.siemens-energy.com/energy/transmission/switchgear/did/10368_AU%3A+P-018852+B1989+BEL+Turnhout,RFK,123.0,Turnhout,http://ontology.siemens.com/shared/geography/country/did/0.4#Be,ELIA  ASSET NV/SA,10368,Innen,8dn85,
http://infohub.siemens-energy.com/energy/transmission/switchgear/did/10434_AU%3A+P-019742-P-019743+B2320+115+kV+GPSC+Cup+4+Extension+%3DE06%2C+%3DE07,BMK,0.0,115 kV GPSC Cup 4 Extension,http://ontology.siemens.com/shared/geography/country/did/0.4#Th,Global Power Synergy Public Co. Ltd,10434,Innen,8dn85,
http://infohub.siemens-energy.com/energy/transmission/switchgear/did/10435_P-019074+B2070+Marche-les-Dames+70kV,RFK,70.0,Marche-les-Dames 70kV,http://ontology.siemens.com/shared/geography/country/did/0.4#Be,ELIA  ASSET NV/SA,10435,Innen,8dn85,
http://infohub.siemens-energy.com/energy/transmission/switchgear/did/10436_AU%3A+P-019073+B2074+BEL+Warnant++70+kV+,RFK,123.0,Warnant  70 kV ,http://ontology.siemens.com/shared/geography/country/did/0.4#Be,ELIA  ASSET NV/SA,10436,Innen,8dn85,
http://infohub.siemens-energy.com/energy/transmission/switchgear/did/10454_AU%3A+P-019359+B2134+DEU+UW+Burladingen+-+Digitale+Blue+GIS+,RFK,123.0,UW Burladingen - Digitale Blue GIS,http://ontology.siemens.com/shared/geography/country/did/0.4#De,Netze BW,10454,Innen,8VN1-1,
http://infohub.siemens-energy.com/energy/transmission/switchgear/did/10457_AU%3A+P-019619+B2190+USA+Rio+Oso+Substation+115+kV,RFK,115.0,Rio Oso Substation,http://ontology.siemens.com/shared/geography/country/did/0.4#Us,PG&E,10457,Innen,8dn85,35434
http://infohub.siemens-energy.com/energy/transmission/switchgear/did/10458_AU%3A+P-019619+B2189+USA+Rio+Oso+Substation+230+kV+,RFK,230.0,Rio Oso Substation,http://ontology.siemens.com/shared/geography/country/did/0.4#Us,PG&E,10458,,8dn92,35434
http://infohub.siemens-energy.com/energy/transmission/switchgear/did/10462_AU%3A+P-017971+B1587+DUB+Series+Reactor+SRSBM,BMK,420.0,Series Reactor SRSBM,DUB,DEWA,10462,Außen,Busduct,
http://infohub.siemens-energy.com/energy/transmission/switchgear/did/10486_AU%3A+P-018482+B1821+Taif+Water+Transmission+System+%28WTS%29,BMK,110.0,Taif Water Transmission System (WTS),SAR,Water SEC,10486,Innen,8dn85,
http://infohub.siemens-energy.com/energy/transmission/switchgear/did/10518_AU%3A+P-019682+B2273+SALINAS+66+kV+DB+-+ENDESA+f%C3%BCr+REE+-+SPA,BMK,66.0,AMPLIACIÓN SUBESTACIÓN LAS SALINAS,SPA,ENDESA,10518,Innen,8dn85,35385
http://infohub.siemens-energy.com/energy/transmission/switchgear/did/10532_AU%3A+P-019738+B2215+NOR+AGDER+Frame+-+Evje,BMK,132.0,Evje,http://ontology.siemens.com/shared/geography/country/did/0.4#No,Agder Energi Nett AS,10532,Innen,8VN1-1,
http://infohub.siemens-energy.com/energy/transmission/switchgear/did/10536_AU%3A+P-019732+B2311+Tunnsjodal+8VN1,RFK,132.0,Tunnsjodal,http://ontology.siemens.com/shared/geography/country/did/0.4#No,Tensio TN AS,10536,Innen,8VN1-1,34252
http://infohub.siemens-energy.com/energy/transmission/switchgear/did/10568_AU%3A+P-019601+B2166+Praha-jih+CRE,BMK,123.0,Praha-jih,Prag CZ,,10568,Innen,8dn85,
http://infohub.siemens-energy.com/energy/transmission/switchgear/did/10573_AU%3A+P-019614+A7543+HKM+Duisburg+Erweiterung+-+Station+B,BMK,123.0,HKM Duisburg Erweiterung - Station B ,http://ontology.siemens.com/shared/geography/country/did/0.4#De,HKM Duisburg  ,10573,Innen,8dn85,
http://infohub.siemens-energy.com/energy/transmission/switchgear/did/10574_AU%3A+P-019788+B2366+Hackensack+69+kV+PSE%26G,RFK,725.0,HACKENSACK SUBSTATION ,http://ontology.siemens.com/shared/geography/country/did/0.4#Us,PSE&G,10574,Innen,8dn85,
http://infohub.siemens-energy.com/energy/transmission/switchgear/did/10577_AU%3A+P-019853+B2424+Bossa+Ext+132+kV+-+ENDESA+%28REE%29,BMK,132.0,SUBESTACIÓN BOSSA,http://ontology.siemens.com/shared/geography/country/did/0.4#Es,ENDESA,10577,Innen,8dn85,34260
http://infohub.siemens-energy.com/energy/transmission/switchgear/did/10579_AU%3A+P-019790+B2383+UA+Schwanheim+400kV+%28FWH+S%C3%BCd%29,BMK,400.0,UA Schwanheim 400kV (FWH Süd),http://ontology.siemens.com/shared/geography/country/did/0.4#De,Amprion,10579,Innen,8dq1,
http://infohub.siemens-energy.com/energy/transmission/switchgear/did/10585_AU%3A+P-019882+B2458+ST+ESPINARDO+132+kV+-+IBERDROLA,BMK,132.0,ST ESPINARDO,http://ontology.siemens.com/shared/geography/country/did/0.4#Es,IBERDROLA,10585,Innen,8dn85,36404
http://infohub.siemens-energy.com/energy/transmission/switchgear/did/10587_AU%3A+P-019541+B2135-B2136+UW+Daxlanden+380kV+ab+OKT+2019,RFK,380.0,UW Daxlanden 380kV,http://ontology.siemens.com/shared/geography/country/did/0.4#De,TRANSNET BW,10587,Außen,8dq1,
http://infohub.siemens-energy.com/energy/transmission/switchgear/did/10589_AU%3A+P-020106+B2708+COURCELLES+B+380+kV+ELIA+BEL,RFK,380.0,COURCELLES B,http://ontology.siemens.com/shared/geography/country/did/0.4#Be,ELIA,10589,Innen,8DQ161,36534
http://infohub.siemens-energy.com/energy/transmission/switchgear/did/10591_AU%3A+P-020343+B2946+ENMAX+No+1+Substation+170+kV,RFK,170.0,ENMAX No 1 Substation,http://ontology.siemens.com/shared/geography/country/did/0.4#Ca,ENMAX,10591,Innen,8dn86,
http://infohub.siemens-energy.com/energy/transmission/switchgear/did/10592_AU%3A+P-019599+B2160+Golden+Pass+69+kV_29-SWG69KV11,RFK,72.0,Golden Pass LNG Project,http://ontology.siemens.com/shared/geography/country/did/0.4#Us,Golden Pass LNG Terminal LLC,10592,Innen,8dn85,
http://infohub.siemens-energy.com/energy/transmission/switchgear/did/10596_AU%3A+P-019774+B2359+Al+Dhafra+PV2+400+kV,BMK,400.0,AL DHAFRA 400 kV,ABD,TRANSCO,10596,Innen,8dq1,
http://infohub.siemens-energy.com/energy/transmission/switchgear/did/10608_AU%3A+P-019945+B2205+Cerd%C3%A1+-+ENDESA+-+SPA,RFK,245.0,SUBESTACIÓN CERDÁ,http://ontology.siemens.com/shared/geography/country/did/0.4#Es,ENDESA,10608,,8dn92,33740
http://infohub.siemens-energy.com/energy/transmission/switchgear/did/10610_AU%3A+P-020505+A3430+LAS+ARROYADAS+220+kV+Ext+%3DD02+-+REE+-+SPA,BMK,220.0,SUBESTACIÓN DE LAS ARROYADAS 220 kV,http://ontology.siemens.com/shared/geography/country/did/0.4#Es,REE,10610,Innen,8dn92,35766
http://infohub.siemens-energy.com/energy/transmission/switchgear/did/10611_AU%3A+P-019771+-+B2361-B2362+-+MoEE-JICA+PHASE+II+-+PHAYARGYI-HLAINGTHARYAR,BMK,550.0,JICA PHASE II,MYA,MoEE,10611,Außen,8dq1,
http://infohub.siemens-energy.com/energy/transmission/switchgear/did/10614_AU%3A+P-019687+B2274+GS2+Substation+230%2B115kV+KHM,BMK,115.0,GS2 Substation ,http://ontology.siemens.com/shared/geography/country/did/0.4#Kh,Electricite du Cambodge,10614,Innen,8dn85,
http://infohub.siemens-energy.com/energy/transmission/switchgear/did/10617_AU%3A+P-019657+UW+Pongau,BMK,380.0,UW Pongau,,APG,10617,Außen,8DQ161,
http://infohub.siemens-energy.com/energy/transmission/switchgear/did/10618_AU%3A+P-018851+B1986+DEU+UW+L%C3%B6ffingen,BMK,123.0,UW Löffingen 110/20 kV,http://ontology.siemens.com/shared/geography/country/did/0.4#De,ED Netze,10618,Innen,8VN1-1,
http://infohub.siemens-energy.com/energy/transmission/switchgear/did/10621_AU%3A+P-019524+B2149+Mabelah+South,BMK,132.0,Mabelah South,OMA,OETC,10621,Innen,8dn85,
http://infohub.siemens-energy.com/energy/transmission/switchgear/did/10637_AU%3A+P-020224+B2941+Zamosc+123+kV,BMK,132.0,Zamosc 123 kV,http://ontology.siemens.com/shared/geography/country/did/0.4#Pl,Polska Grupa Energetyczna S.A.,10637,Innen,8dn85,
http://infohub.siemens-energy.com/energy/transmission/switchgear/did/10638_AU%3A+P-019791+B2388+400kV+UMM+AL+HASSAM++Erweiterung+%3DC14+Okt+2020,BMK,0.0,400kV UMM AL HASSAM S/S,Bahrein,EWA - Kingdom of Bahrain,10638,Innen,8dq1,
http://infohub.siemens-energy.com/energy/transmission/switchgear/did/10639_AU%3A+P-019791+B2388+220kV+Umm+Al+Hassam+Extension,BMK,220.0,220kV Umm Al Hassam Extension,http://ontology.siemens.com/shared/geography/country/did/0.4#Bh,EWA - Kingdom of Bahrain,10639,Innen,8dn96,
http://infohub.siemens-energy.com/energy/transmission/switchgear/did/10659_AU%3A+P-019741+B2318+Caracol%C3%AD+Ext.+110+kV,BMK,110.0,Caracolí Ext. 110 kV,KOL,Electricaribe,10659,Innen,8dn85,
http://infohub.siemens-energy.com/energy/transmission/switchgear/did/10662_LEFFKE_Forecast_TEST_PAN+DE+AZUCAR+OBRAS+NUEVAS+DS422,BMK,245.0,S/E NUEVA PAN DE AZUCAR 220 kV,http://ontology.siemens.com/shared/geography/country/did/0.4#Cl,FERROVIAL S.A.,10662,Innen,8dn92,
http://infohub.siemens-energy.com/energy/transmission/switchgear/did/10715_AG%3A+VDB+35330+Porto+Torres+Ext.+1M17+8DN9,BMK,170.0,Porto Torres Ext. 1M17,http://ontology.siemens.com/shared/geography/country/did/0.4#It,Terna,10715,Innen,8dn92,
http://infohub.siemens-energy.com/energy/transmission/switchgear/did/10720_AU%3A+P-011658-P-019649+A7450+ITL+Priolo+Gargallo+420+kV,BMK,420.0,Priolo Gargallo 420 kV,http://ontology.siemens.com/shared/geography/country/did/0.4#It,Terna,10720,Außen,8DQ161,34820
http://infohub.siemens-energy.com/energy/transmission/switchgear/did/10731_AU%3A+P-019638+B2204+TSMC+RD-1+161kV,RFK,161.0,TSMC RD-1 161kV,http://ontology.siemens.com/shared/geography/country/did/0.4#Tw,TSMC,10731,Innen,8dn92,
http://infohub.siemens-energy.com/energy/transmission/switchgear/did/10734_AU%3A+P-019771+-+B2361-B2362+-+MoEE-JICA+PHASE+II+-+PHAYARGYI-HLAINGTHARYAR,BMK,550.0,JICA PHASE II,MYA,MoEE,10734,Außen,8dq1,
http://infohub.siemens-energy.com/energy/transmission/switchgear/did/10735_AU%3A+P-019645+B2213+ELIA+Beerse+Ext.+%3DE02+70kV+GIS,RFK,725.0,ELIA Beerse Ext. =E02 70 kV ,http://ontology.siemens.com/shared/geography/country/did/0.4#Be,ELIA ASSET NV/SA,10735,Innen,8dn85,
http://infohub.siemens-energy.com/energy/transmission/switchgear/did/10736_AU%3A+P-020354+B2952+USA+Corpus+Christi,RFK,145.0,Corpus Christi,http://ontology.siemens.com/shared/geography/country/did/0.4#Us,Bechtel,10736,Innen,8dn86,33702
http://infohub.siemens-energy.com/energy/transmission/switchgear/did/10739_AU%3A+P-019724+B2254+Al+Jada+132kV+,BMK,145.0,Al Jada,http://ontology.siemens.com/shared/geography/country/did/0.4#Ae,Sharjah Electricity & Water Authority,10739,Innen,8dn85,
http://infohub.siemens-energy.com/energy/transmission/switchgear/did/10741_AU%3A+P-019656_Kaupanger+Transformatorstasjon+132kV,RFK,132.0,Kaupanger Transformatorstasjon,http://ontology.siemens.com/shared/geography/country/did/0.4#No,Sognekraft AS,10741,Innen,8VN1-1,
http://infohub.siemens-energy.com/energy/transmission/switchgear/did/10743_AU%3A+P-019803+B2433+UW+Wilten+110kV,BMK,123.0,UW Wilten 110kV,http://ontology.siemens.com/shared/geography/country/did/0.4#At,Tinetz - Tiroler Netze GmbH,10743,Innen,8dn85,
http://infohub.siemens-energy.com/energy/transmission/switchgear/did/10745_AU%3A+P-020090+B2728+Czechnica+110+kV,BMK,132.0,Czechnica 110 kV,http://ontology.siemens.com/shared/geography/country/did/0.4#Pl,Tauron Polska Energia,10745,Innen,8dn85,
http://infohub.siemens-energy.com/energy/transmission/switchgear/did/10747_AU%3A+P-019752+B2345+-+Kairakum+110kV,RFK,110.0,Kairakum 110kV,TAD,Barki Tadjik,10747,Innen,8dn85,33368
http://infohub.siemens-energy.com/energy/transmission/switchgear/did/10762_AU%3A+P-020392+Beverwijk+150kV,BMK,150.0,Beverwijk 150kV,NDL,TenneT,10762,Innen,8dn86,
http://infohub.siemens-energy.com/energy/transmission/switchgear/did/10765_AU%3A+P-019666+B2240+Air+Liquid+Hsin+Chu+RD+161kV+,RFK,170.0,Air Liquid Hsin Chu RD 161kV ,http://ontology.siemens.com/shared/geography/country/did/0.4#Tw,Air Liquide Far East Ltd.,10765,Innen,8dn86,
http://infohub.siemens-energy.com/energy/transmission/switchgear/did/10767_AU%3A+P-020124+B2760+NOR+Finsa+Kraftverk+8VN1,RFK,145.0,Finså Kraftverk,http://ontology.siemens.com/shared/geography/country/did/0.4#No,Agder Energi Produksjon,10767,Innen,8VN1-1,
http://infohub.siemens-energy.com/energy/transmission/switchgear/did/10768_AU%3A+P-019667+B2244+Air+Liquid+Nan+Zi+RD+161+kV,RFK,161.0,Air Liquid Nan Zi RD,TAI,Air Liquid,10768,Innen,8dn86,
http://infohub.siemens-energy.com/energy/transmission/switchgear/did/10769_AU%3A+P-019683+A4884+Palos+Erw.+%3DD01+-+REE,BMK,220.0,SUBESTACIÓN DE PALOS 220 kV,http://ontology.siemens.com/shared/geography/country/did/0.4#Es,REE,10769,Innen,8dn92,35844
http://infohub.siemens-energy.com/energy/transmission/switchgear/did/10771_AU%3A+P-019767+B2360+Alton+69+kV+FP%26L,RFK,69.0,Alton 69 kV,http://ontology.siemens.com/shared/geography/country/did/0.4#Us,FP&L,10771,Innen,8dn86,
http://infohub.siemens-energy.com/energy/transmission/switchgear/did/10773_AU%3A+P-019711+B2285+Stokmarknes+Transformatorstasjon,RFK,145.0,Stokmarknes Transformatorstasjon,http://ontology.siemens.com/shared/geography/country/did/0.4#No,Trollfjord Nett AS,10773,Innen,8dn85,
http://infohub.siemens-energy.com/energy/transmission/switchgear/did/10775_AU%3A+P-019876+-+B2475+-+PAN+DE+AZUCAR+AMPLIACION+DS198,BMK,245.0,S/E NUEVA PAN DE AZUCAR 220 kV,http://ontology.siemens.com/shared/geography/country/did/0.4#Cl,CONSORCIO ANDES DEL SUR,10775,Innen,8dn92,
http://infohub.siemens-energy.com/energy/transmission/switchgear/did/10777_AU%3A+P-020183+B2789++UA+Moerfelden,RFK,110.0,UA Moerfelden,http://ontology.siemens.com/shared/geography/country/did/0.4#De,SYNA GmbH,10777,Innen,8dn85,37227
http://infohub.siemens-energy.com/energy/transmission/switchgear/did/10779_AU%3A+P-020434+B3067+POR+StartCampus+-+Sines+Datacenter+60kV,RFK,145.0,Sines 60kV,POR,,10779,Innen,8VN1-1,
http://infohub.siemens-energy.com/energy/transmission/switchgear/did/10781_AU%3A+P-020229+B2542+FEWA+184E+,BMK,132.0,FEWA 184E,UAE ABD,FEWA,10781,Innen,8dn85,
http://infohub.siemens-energy.com/energy/transmission/switchgear/did/10782_AU%3A+P-019929+B2542+FEWA+154E+,BMK,132.0,FEWA 154E,UAE ABD,FEWA,10782,Innen,8dn85,
http://infohub.siemens-energy.com/energy/transmission/switchgear/did/10786_AU%3A+P-019723+AP6A+Backend+1+161kV,RFK,161.0,AP6A Backend 1 161kV,http://ontology.siemens.com/shared/geography/country/did/0.4#Tw,TSMC,10786,Innen,8dn92,
http://infohub.siemens-energy.com/energy/transmission/switchgear/did/10787_AU%3A+P-019761+B2339+TSMC+F18P5+161kV,RFK,161.0,TSMC F18P5 161kV,http://ontology.siemens.com/shared/geography/country/did/0.4#Tw,TSMC,10787,Innen,8dn92,
http://infohub.siemens-energy.com/energy/transmission/switchgear/did/10788_AU%3A+P-019666+B2240+Air+Liquid+Hsin+Chu+RD+161kV+,RFK,170.0,Air Liquid Hsin Chu RD 161kV ,http://ontology.siemens.com/shared/geography/country/did/0.4#Tw,Air Liquide Far East Ltd.,10788,Innen,8dn92,
http://infohub.siemens-energy.com/energy/transmission/switchgear/did/10789_AU%3A+P-019667+B2244+Air+Liquid+Nan+Zi+RD+161+kV,RFK,161.0,Air Liquid Nan Zi RD,TAI,Air Liquid,10789,Innen,8dn92,
http://infohub.siemens-energy.com/energy/transmission/switchgear/did/10790_AU%3A+P-019787+B2374+Ternium+Guerrero+400kV+,RFK,420.0,Ternium Guerrero,http://ontology.siemens.com/shared/geography/country/did/0.4#Mx,Ternium,10790,Außen,8DQ161,
http://infohub.siemens-energy.com/energy/transmission/switchgear/did/10794_AU%3A+P-019907+B2484+F14P8+161+kV,RFK,170.0,F14P8,http://ontology.siemens.com/shared/geography/country/did/0.4#Tw,TSMC,10794,Innen,8dn92,
http://infohub.siemens-energy.com/energy/transmission/switchgear/did/10800_AU%3A+P-019808+B2434+NOR+Silsand+8VN1+,RFK,66.0,Silsand,http://ontology.siemens.com/shared/geography/country/did/0.4#No,Troms kraft nett AS,10800,Innen,8VN1-1,
http://infohub.siemens-energy.com/energy/transmission/switchgear/did/10801_AU%3A+P-019718+B2303+New+Al+Hamudiya+400-132kV+8DQ1-61,BMK,420.0,NEW AL HAMUDIYA,http://ontology.siemens.com/shared/geography/country/did/0.4#Iq,MOE - JAICA,10801,Innen,8DQ161,
http://infohub.siemens-energy.com/energy/transmission/switchgear/did/10802_AU%3A+P-019718+B2303+New+Al+Hamudiya+132kV,BMK,132.0,NEW AL HAMUDIYA,http://ontology.siemens.com/shared/geography/country/did/0.4#Iq,MOE - JAICA,10802,Innen,8dn85,
http://infohub.siemens-energy.com/energy/transmission/switchgear/did/10803_AU%3A+P-019718+B2303+New+Al+Hamudiya+400-132kV+8DQ1-61,BMK,420.0,NEW AL HAMUDIYA,http://ontology.siemens.com/shared/geography/country/did/0.4#Iq,MOE - JAICA,10803,Außen,8DQ161,
http://infohub.siemens-energy.com/energy/transmission/switchgear/did/10804_AU%3A+P-019925+DSTA+132kV,BMK,132.0,DSTA 132kV,DUB,DEWA,10804,Außen,8dn85,camos_36631_4AE6D1EA8D6D3D43BD8C0E00400B73CA 
http://infohub.siemens-energy.com/energy/transmission/switchgear/did/10814_AU%3A+P-019802+B2390+TRK+Akkuyu+420kV,BMK,400.0,Akkuyu NPP,,Akkuyu Nuclear JSC,10814,Außen,8DQ161,
http://infohub.siemens-energy.com/energy/transmission/switchgear/did/10872_AU%3A+P-019725+B2346+Plauderville+69kV+PSE%26G,RFK,69.0,Plauderville 69kV ,http://ontology.siemens.com/shared/geography/country/did/0.4#Us,PSE&G ,10872,Innen,8dn85,36186
http://infohub.siemens-energy.com/energy/transmission/switchgear/did/10873_AU%3A+P-019691+B2290+Lawnside+69kV+PSE%26G,RFK,725.0,LAWNSIDE SUBSTATION ,http://ontology.siemens.com/shared/geography/country/did/0.4#Us,PSE&G,10873,Außen,8dn85,
http://infohub.siemens-energy.com/energy/transmission/switchgear/did/10874_AU%3A+P-019795+B2387+THA+KlongMahasawad+Substation,BMK,115.0,KlongMahasawad Substation,http://ontology.siemens.com/shared/geography/country/did/0.4#Th,Metropolitan Electricity Authority,10874,Innen,8dn85,36270
http://infohub.siemens-energy.com/energy/transmission/switchgear/did/10875_AU%3A+P-019716+B2302+PAR+Parque+Caballero+66+kV,RFK,66.0,Parque Caballero,http://ontology.siemens.com/shared/geography/country/did/0.4#Py,ANDE,10875,Innen,8dn86,35572
http://infohub.siemens-energy.com/energy/transmission/switchgear/did/10876_AU%3A+P-019778+B2385+THA+Lumpini+Substation,BMK,115.0,Lumpini Substation,http://ontology.siemens.com/shared/geography/country/did/0.4#Th,Metropolitan Electricity Authority,10876,Innen,8dn85,36271
http://infohub.siemens-energy.com/energy/transmission/switchgear/did/10879_AU%3A+P-019740+B2328+UW+Isartalstra%C3%9Fe+Erweiterung,BMK,110.0,UW Isartalstraße Erweiterung,http://ontology.siemens.com/shared/geography/country/did/0.4#De,SW M,10879,Innen,8dn85,
http://infohub.siemens-energy.com/energy/transmission/switchgear/did/10880_AU%3A+P-020095+UW+Arnold-Dehnen+Str.+51,BMK,123.0,UW Arnold Dehnen Str. 51,http://ontology.siemens.com/shared/geography/country/did/0.4#De,Netze Duisburg,10880,Innen,8dn85,
http://infohub.siemens-energy.com/energy/transmission/switchgear/did/10881_AU%3A+P-019742-P-019743+B2320+115+kV+GPSC+Cup+4+Extension+%3DE06%2C+%3DE07,BMK,0.0,115 kV GPSC Cup 4 Extension,http://ontology.siemens.com/shared/geography/country/did/0.4#Th,Global Power Synergy Public Co. Ltd,10881,Innen,8dn85,
http://infohub.siemens-energy.com/energy/transmission/switchgear/did/10890_AU%3A+P-019728+B2315+BEL+ORGEO++70+kV+,RFK,123.0,ORGEO  70 kV ,http://ontology.siemens.com/shared/geography/country/did/0.4#Be,ELIA  ASSET NV/SA,10890,Innen,8dn85,
http://infohub.siemens-energy.com/energy/transmission/switchgear/did/10891_AU%3A+P-019737+NOR+B2327+Ertsmyra+145kV+Extension+II,BMK,145.0,Ertsmyra 145kV Ext. II,http://ontology.siemens.com/shared/geography/country/did/0.4#No,Agder Energi Nett AS,10891,Innen,8dn85,
http://infohub.siemens-energy.com/energy/transmission/switchgear/did/10892_AU%3A+P-019804++B2296++Ammata+ABP1R2R,BMK,0.0,ABP1R2R,http://ontology.siemens.com/shared/geography/country/did/0.4#Th,TPSC,10892,Außen,8dn85,
http://infohub.siemens-energy.com/energy/transmission/switchgear/did/10901_AU%3A+P-019782+B2376+Presenzano+420kV,BMK,420.0,Presenzano,,EDISON,10901,Innen,8DQ161,
http://infohub.siemens-energy.com/energy/transmission/switchgear/did/10902_AU%3A+IRL+P-019759+B2337+Barnageeragh+110kV,RFK,123.0,Barnageeragh 110kV,http://ontology.siemens.com/shared/geography/country/did/0.4#Ie,EirGrid Plc,10902,Innen,8dn85,camos_35627_D68AE0D925279F4DA364078DD35A3AA9
http://infohub.siemens-energy.com/energy/transmission/switchgear/did/10904_AU%3A+P-019758+B2342+USA+EnBW_East+Wind-Offshore,RFK,66.0,East Wind LLC,http://ontology.siemens.com/shared/geography/country/did/0.4#Us,EnBW North America Inc,10904,Innen,8dn85,
http://infohub.siemens-energy.com/energy/transmission/switchgear/did/10915_AU%3A+P-019766+B2415+UW+Munderkingen,BMK,123.0,UW Munderkingen,http://ontology.siemens.com/shared/geography/country/did/0.4#De,NetzeBW,10915,Innen,8dn85,
http://infohub.siemens-energy.com/energy/transmission/switchgear/did/10916_AU%3A+P-019887+B2471+Mosul+132kV,BMK,132.0,Mosul 132kV Substation-Refurbishment,http://ontology.siemens.com/shared/geography/country/did/0.4#Iq,MoE,10916,Innen,8dn85,
http://infohub.siemens-energy.com/energy/transmission/switchgear/did/10918_AU%3A+P019717+B2297+Ammata+BPLC1R,BMK,0.0,BPLC1R,http://ontology.siemens.com/shared/geography/country/did/0.4#Th,TPSC,10918,Außen,8dn85,
http://infohub.siemens-energy.com/energy/transmission/switchgear/did/10919_AU%3A+P-019922+B2635+UW+Mitte+72%2C5-110+kV,BMK,110.0,UW Mitte,Berlin,50Hertz,10919,Innen,8dn85,
http://infohub.siemens-energy.com/energy/transmission/switchgear/did/10920_AU%3A+P-019922+B2635+UW+Mitte+72%2C5-110+kV,BMK,110.0,UW Mitte,Berlin,50Hertz,10920,Außen,8dn85,
http://infohub.siemens-energy.com/energy/transmission/switchgear/did/10949_AU%3A+P-019763+A8509+Culenova+110kV+Extension,BMK,110.0,Culenova 110kV Extension,http://ontology.siemens.com/shared/geography/country/did/0.4#Sk,EON ZSE,10949,Innen,8dn85,
http://infohub.siemens-energy.com/energy/transmission/switchgear/did/10950_AU%3A+P-019796+B2380+La+Gonarda+123+kV,RFK,123.0,La Gonarda 123 kV,http://ontology.siemens.com/shared/geography/country/did/0.4#Ad,Fuerzas Electricas de Andorra,10950,Innen,8dn85,
http://infohub.siemens-energy.com/energy/transmission/switchgear/did/10952_AU%3A+P-019762+B2365+-+Widelka+PKP+110kV+,BMK,123.0,Budy Glogowskie,http://ontology.siemens.com/shared/geography/country/did/0.4#Pl,PGE,10952,Außen,8dn85,36392
http://infohub.siemens-energy.com/energy/transmission/switchgear/did/10954_AU%3A+P-019775+B2349+Kergord+132kV,BMK,132.0,KERGORD 132kV AC SUBSTATION,http://ontology.siemens.com/shared/geography/country/did/0.4#Gb,SSE ,10954,Innen,8VN1-1,34756
http://infohub.siemens-energy.com/energy/transmission/switchgear/did/10955_AG%3A+VDB+35997+Manah+400kV+8DQ1-1+LS,BMK,0.0,Manah 400kV,http://ontology.siemens.com/shared/geography/country/did/0.4#Om,OETC,10955,Innen,8dq16,
http://infohub.siemens-energy.com/energy/transmission/switchgear/did/10956_AU%3A+P-019836+B2426+NDL+Beverwijk+380kV,BMK,380.0,Beverwijk 380kV,NDL,TenneT TSO BV.,10956,Außen,8DQ161,
http://infohub.siemens-energy.com/energy/transmission/switchgear/did/10957_AU%3A+P-018156+Cairo+Metro+Line+3+Phase+4B,BMK,725.0,Metro Line 3 PH 4B,http://ontology.siemens.com/shared/geography/country/did/0.4#Eg,SYSTRA,10957,Innen,8dn85,
http://infohub.siemens-energy.com/energy/transmission/switchgear/did/10958_AU%3A+P-019770+B2358+USA+Princetown+Substation,RFK,345.0,Princetown Substation,http://ontology.siemens.com/shared/geography/country/did/0.4#Us,LS Power Grid New York,10958,Innen,8DQ161,36269
http://infohub.siemens-energy.com/energy/transmission/switchgear/did/10959_AU%3A+P-019770+B2357+USA+Gordon+Road+Substation,RFK,345.0,Gordon Road Substation,http://ontology.siemens.com/shared/geography/country/did/0.4#Us,LS Power Grid New York,10959,Innen,8DQ161,36269
http://infohub.siemens-energy.com/energy/transmission/switchgear/did/10960_AU%3A+P-020196+B0255+Resero+II+132+kV,BMK,145.0,Resero II 132 kV,http://ontology.siemens.com/shared/geography/country/did/0.4#Ar,Pan American Energy,10960,Innen,8dn85,
http://infohub.siemens-energy.com/energy/transmission/switchgear/did/10962_AU%3A+P-019811+B2397+USA+University,RFK,138.0,University,http://ontology.siemens.com/shared/geography/country/did/0.4#Us,Florida Power & Light,10962,Außen,8dn85,36473
http://infohub.siemens-energy.com/energy/transmission/switchgear/did/10963_AU%3A+P-019655+B2209+UW+Simmering,BMK,420.0,UW Simmering,Wien,Wiener Netze,10963,Außen,8DQ161,
http://infohub.siemens-energy.com/energy/transmission/switchgear/did/10987_AU%3A+P-019806+B2407+Transformer+Connection+Tokke+%26+Vinje+300kV,BMK,300.0,Transformer Connection Tokke & Vinje,,STATKRAFT,10987,Außen,8DQ161,
http://infohub.siemens-energy.com/energy/transmission/switchgear/did/10996_AU%3A+P-019800+B2393+SE+HYLSA+MANIOBRAS+400kV,BMK,400.0,SE HYLSA MANIOBRAS,http://ontology.siemens.com/shared/geography/country/did/0.4#Mx,TERNIUM/ CFE,10996,Innen,8DQ161,
http://infohub.siemens-energy.com/energy/transmission/switchgear/did/10997_AU%3A+P-019943+B2515+FIN+Tornio+123kV+GIS2,BMK,123.0,Tornio 123kV GIS2 ,http://ontology.siemens.com/shared/geography/country/did/0.4#Fi,Aurora Tornio Oy.,10997,Innen,8dn85,camos_35739_1DDF813196590E4AA32C622ADD014DA8
http://infohub.siemens-energy.com/energy/transmission/switchgear/did/10999_AU%3A+P-019874+B2455+Formentera+132+kV+-+REE,BMK,132.0,FORMENTERA,SPA,Red Eléctrica de España,10999,Innen,8dn85,29770
http://infohub.siemens-energy.com/energy/transmission/switchgear/did/11003_AU%3A+P-020141+B2717+UW+Tuttlingen+DEU,BMK,123.0,UW Tuttlingen ,http://ontology.siemens.com/shared/geography/country/did/0.4#De,Netze BW,11003,Innen,8dn85,
http://infohub.siemens-energy.com/energy/transmission/switchgear/did/11005_AU%3A+P-019952+UW76+S%C3%9CDWEST,RFK,110.0,UW76 SÜDWEST ,http://ontology.siemens.com/shared/geography/country/did/0.4#De,NRM,11005,Innen,8dn85,
http://infohub.siemens-energy.com/energy/transmission/switchgear/did/11020_AU%3A+P-019805+B2404+UW+Nord+%28Klagenfurt%29,BMK,123.0,UW Nord (Klagenfurt),http://ontology.siemens.com/shared/geography/country/did/0.4#At,Energie Klagenfurt,11020,Innen,8dn85,camos_32677_61CE724EB172C647B5EDF967B23B5F8E
http://infohub.siemens-energy.com/energy/transmission/switchgear/did/11021_AU%3A+P-019839+B2417+Sydhavn+Modernization+of+Traction+Power+Sydhavn+145kV+GIS,RFK,145.0,Sydhavn 145kV GIS,http://ontology.siemens.com/shared/geography/country/did/0.4#Dk,Banedanmark,11021,Innen,8dn85,
http://infohub.siemens-energy.com/energy/transmission/switchgear/did/11022_AU%3A+P-019850+B2422+Daimler+%28Mercedes+Benz%29,BMK,123.0,Bau 125 MercedesBenz.Mannheim,http://ontology.siemens.com/shared/geography/country/did/0.4#De,Daimler AG,11022,Außen,8dn85,
http://infohub.siemens-energy.com/energy/transmission/switchgear/did/11023_AU%3A+P-019807+B2512+NOR+REN-Spare+Bays,BMK,145.0,REN-Spare Bays,http://ontology.siemens.com/shared/geography/country/did/0.4#No,REN,11023,Innen,8dn85,
http://infohub.siemens-energy.com/energy/transmission/switchgear/did/11024_AU%3A+P-019872+B2439+Lewes+132kV,BMK,132.0,LEWES 132kV,,UK POWER NETWORKS,11024,Außen,8VN1-1,33691
http://infohub.siemens-energy.com/energy/transmission/switchgear/did/11033_AU%3A+P-019816+Misfah+400kV+Extension,BMK,400.0,Misfah 400kV Extension,http://ontology.siemens.com/shared/geography/country/did/0.4#Om,OETC,11033,Außen,8dq16,36023
http://infohub.siemens-energy.com/energy/transmission/switchgear/did/11036_AU%3A+P-019871+B2446+TSMC+F18P6+161kV,RFK,161.0,TSMC F18P6 161kV,http://ontology.siemens.com/shared/geography/country/did/0.4#Tw,TSMC,11036,Innen,8dn92,
http://infohub.siemens-energy.com/energy/transmission/switchgear/did/11038_AU%3A+P-019939-+B2436-RASKLOPI%C5%A0TE+110+kV+,RFK,123.0,INA RNR - RASKLOPIŠTE 110 kV,http://ontology.siemens.com/shared/geography/country/did/0.4#Hr,INA - INDUSTRIJA NAFTE d.d.,11038,Innen,8dn85,
http://infohub.siemens-energy.com/energy/transmission/switchgear/did/11039_AU%3A+P-019889+Aunfoss+transformatorstasjon+8VN1,RFK,132.0,Aunfoss,http://ontology.siemens.com/shared/geography/country/did/0.4#No,Tensio TN,11039,Innen,8VN1-1,
http://infohub.siemens-energy.com/energy/transmission/switchgear/did/11040_AU%3A+P-018988-B1999+Vestbyen+8VN1+,RFK,132.0,Vestbyen  145kV ,http://ontology.siemens.com/shared/geography/country/did/0.4#No,Tronder Energi,11040,Innen,8VN1-1,
http://infohub.siemens-energy.com/energy/transmission/switchgear/did/11041_AU%3A+P-019849+BRA+Santo+Antonio+Spares,BMK,230.0,Santo Antonio  230 kV,http://ontology.siemens.com/shared/geography/country/did/0.4#Br,SAE,11041,Innen,8dn92,34630
http://infohub.siemens-energy.com/energy/transmission/switchgear/did/11051_AU%3A+P-020130+B2453+Beacon+Wind+1,RFK,72.0,Beacon Wind 1,USA Offshore,Equinor,11051,Innen,8dn86,
http://infohub.siemens-energy.com/energy/transmission/switchgear/did/11054_AU%3A+P-019794+BorWin+5+72%2C5+%2B+420,RFK,0.0,BorWin5,http://ontology.siemens.com/shared/geography/country/did/0.4#De,TenneT Offshore GmbH,11054,Innen,8DQ161,
http://infohub.siemens-energy.com/energy/transmission/switchgear/did/11055_AU%3A+P-019794+BorWin+5+72%2C5+%2B+420,RFK,0.0,BorWin5,http://ontology.siemens.com/shared/geography/country/did/0.4#De,TenneT Offshore GmbH,11055,Innen,8VN1-1,
http://infohub.siemens-energy.com/energy/transmission/switchgear/did/11057_AU%3A+P-019877+B2449+DEU+BorWin5+DC-GIS,RFK,0.0,BorWin5 - DC GIS offshore,,TenneT Offshore GmbH,11057,Innen,8DQ1DC PN 471...,
http://infohub.siemens-energy.com/energy/transmission/switchgear/did/11058_AU%3A+P-019884+B2298+Ammata+Power+Plant+2019+-+BPAMR1%262,BMK,0.0,BPAMR1&2,http://ontology.siemens.com/shared/geography/country/did/0.4#Th,TPSC,11058,Innen,8dn85,
http://infohub.siemens-energy.com/energy/transmission/switchgear/did/11060_AU%3A+P-020014+B2597+Warsan+132kV+Ext.III_E01%2BE34,BMK,145.0,Warsan 132kV Ext.III_E01+E34,DUB,DEWA,11060,Außen,8dn85,
http://infohub.siemens-energy.com/energy/transmission/switchgear/did/11061_AU%3A+P-019921+A8934+Hail+3+GIS+Modification,BMK,380.0,Hail-3 BSP Modification,SAR,SEC-EOA,11061,Außen,8DQ161,
http://infohub.siemens-energy.com/energy/transmission/switchgear/did/11065_AU%3A+P-019841+-+B8859+-+S-E+NUEVA+MAITENCILLO+220kV+UPGRADE,BMK,245.0,S/E NUEVA MAITENCILLO 220 kV,CHILE,INTERCHILE SA,11065,Innen,8dn92,
http://infohub.siemens-energy.com/energy/transmission/switchgear/did/11066_AU%3A+P-020258+B2872+VIS+Fab+2+161+kV,RFK,161.0,Fab 2 161 kV,http://ontology.siemens.com/shared/geography/country/did/0.4#Tw,VIS,11066,Innen,8dn92,
http://infohub.siemens-energy.com/energy/transmission/switchgear/did/11070_AU%3A+P-019895+B2470+Qurayyat+Ext.+132kV,BMK,0.0,Qurayyat Ext. 132kV,,SEC-EOA,11070,Innen,DTC,
http://infohub.siemens-energy.com/energy/transmission/switchgear/did/11071_AU%3A+IRL+P-019891+B2494+Rosspile+110kV,RFK,123.0,Rosspile 110kV,http://ontology.siemens.com/shared/geography/country/did/0.4#Ie,H&MV ENGINEERING,11071,Innen,8dn85,
http://infohub.siemens-energy.com/energy/transmission/switchgear/did/11072_AU%3A+IRL+P-019890+B2525+Gillinstown+Solar+Farm+110kV,RFK,123.0,Gillinstown Solar Farm 110kV,http://ontology.siemens.com/shared/geography/country/did/0.4#Ie,H&MV ENGINEERING,11072,Innen,8dn85,
http://infohub.siemens-energy.com/energy/transmission/switchgear/did/11073_AU%3A+P-019916+B2509+Equinix+66+kV+Data+Center+MD3+-+EQUINIX+-+IBERDROLA,RFK,66.0,66 kV MD3 S/S,http://ontology.siemens.com/shared/geography/country/did/0.4#Es,EQUINIX / IBERDROLA,11073,Innen,8dn85,36656
http://infohub.siemens-energy.com/energy/transmission/switchgear/did/11074_AU%3A+P-019916+B2509+Equinix+66+kV+Data+Center+MD3+-+EQUINIX+-+IBERDROLA,RFK,66.0,66 kV MD3 S/S,http://ontology.siemens.com/shared/geography/country/did/0.4#Es,EQUINIX / IBERDROLA,11074,Innen,8dn85,36656
http://infohub.siemens-energy.com/energy/transmission/switchgear/did/11075_AU%3A+P019927+UW+Habichen,BMK,0.0,UW Habichen,,TINETZ-Tiroler Netze GmbH,11075,Innen,8dn85,
http://infohub.siemens-energy.com/energy/transmission/switchgear/did/11076_AU%3A+P-019938+B2516+Velenje+RTP+110+kV+SLO,BMK,123.0,Velenje RTP 110 kV,SLO,Elektro Slovenjia,11076,Innen,8dn85,
http://infohub.siemens-energy.com/energy/transmission/switchgear/did/11079_AU%3A+P-019922+UW+Berlin+Mitte+%28Plan+C%29+420+kV+,BMK,0.0,UW Berlin Mitte,,50 hertz,11079,,8dq16,
http://infohub.siemens-energy.com/energy/transmission/switchgear/did/11081_AU%3A+P-019932+B2519+115+kV+Substation+Mochit+Complex,RFK,123.0,115 kV Substation Mochit Complex,http://ontology.siemens.com/shared/geography/country/did/0.4#Th,Mo Chit Land Co. Ltd.,11081,Innen,8dn85,camos_36143_6FDA0C232F554A47870178397C59BAD3  
http://infohub.siemens-energy.com/energy/transmission/switchgear/did/11083_AU%3A+P-019953+%28VDB+36438%29+Bau+6303,BMK,0.0,Bau 6303,http://ontology.siemens.com/shared/geography/country/did/0.4#De,Infra Leuna,11083,Innen,8dn85,
http://infohub.siemens-energy.com/energy/transmission/switchgear/did/11090_AU%3A+P-019930+B2513+York+Potash+66kV,RFK,66.0,York Potash 66kV,http://ontology.siemens.com/shared/geography/country/did/0.4#Gb,Anglo American,11090,Außen,8VN1-1,
http://infohub.siemens-energy.com/energy/transmission/switchgear/did/11092_AU%3A+P-019937+B2520+LAS+Substation+3+230+kV,RFK,245.0,LAS Substation 3,http://ontology.siemens.com/shared/geography/country/did/0.4#Us,SWITCH,11092,,8dn92,
http://infohub.siemens-energy.com/energy/transmission/switchgear/did/11094_AU%3A+P-020019+B2612+Alyth+400kV+Substation,RFK,400.0,Alyth 400kV Substation,http://ontology.siemens.com/shared/geography/country/did/0.4#Gb,SSE,11094,Außen,8vq32,
http://infohub.siemens-energy.com/energy/transmission/switchgear/did/11095_AU%3A+P-020066+B2658+Kinardochy+400+kV+Substation,RFK,400.0,Kinardochy 400 kV Substation,http://ontology.siemens.com/shared/geography/country/did/0.4#Gb,SSE,11095,Innen,8DQ161,
http://infohub.siemens-energy.com/energy/transmission/switchgear/did/11096_AU%3A+P-020066+B2658+Kinardochy+400+kV+Substation,RFK,400.0,Kinardochy 400 kV Substation,http://ontology.siemens.com/shared/geography/country/did/0.4#Gb,SSE,11096,Außen,8vq32,
http://infohub.siemens-energy.com/energy/transmission/switchgear/did/11097_AU%3A+P-019955+A4468+PLASENCIA++Erw.+%3DD02+-+REE,BMK,220.0,SUBESTACIÓN DE PLASENCIA 220 kV,http://ontology.siemens.com/shared/geography/country/did/0.4#Es,REE,11097,Innen,8dn92,36732
http://infohub.siemens-energy.com/energy/transmission/switchgear/did/11098_AU%3A+P-019949+B1765+Al+Khobar+3+Extension+3,BMK,245.0,Al Khobar 3 Extension 3,,Saline Water Conversion Corporation,11098,Innen,8DQ161,
http://infohub.siemens-energy.com/energy/transmission/switchgear/did/11099_AU%3A+P-017356+B1459+Gloucester+PSE%26G,BMK,725.0,GLOUCESTER 69 kV,http://ontology.siemens.com/shared/geography/country/did/0.4#Us,PSE&G,11099,Außen,8dn85,
http://infohub.siemens-energy.com/energy/transmission/switchgear/did/11100_AU%3A+P-017820+B1601+Camden+PSE%26G,RFK,725.0,CAMDEN SWITCHING STATION ,http://ontology.siemens.com/shared/geography/country/did/0.4#Us,PSE&G,11100,Außen,8dn85,
http://infohub.siemens-energy.com/energy/transmission/switchgear/did/11103_AG+36858+Laurila+110kV+GIS+Laurila+110kV+GIS+C535009E9897464C9B550E111EBDB2CC+camosProd,RFK,123.0,Laurila 110kV GIS,http://ontology.siemens.com/shared/geography/country/did/0.4#Fi,Haminan Energia Oy,11103,Innen,8dn85,camos_36858_C535009E9897464C9B550E111EBDB2CC 
http://infohub.siemens-energy.com/energy/transmission/switchgear/did/11104_AU%3A+P-020037+B2625+UW+Hohenecken,BMK,123.0,UW Hohenecken,http://ontology.siemens.com/shared/geography/country/did/0.4#De,Pfalzwerke,11104,Innen,8dn85,33936
http://infohub.siemens-energy.com/energy/transmission/switchgear/did/11112_AU%3A+P-019954+110kV+Schalthaus+Hera,BMK,110.0,110kV Schalthaus Hera,http://ontology.siemens.com/shared/geography/country/did/0.4#De,K+S Minerals and Agriculture GmbH,11112,Innen,8dn85,
http://infohub.siemens-energy.com/energy/transmission/switchgear/did/11113_AU%3A+P-019946+B2537+VIS+FAB1+69+kV+,RFK,725.0,VIS FAB1,http://ontology.siemens.com/shared/geography/country/did/0.4#Tw,VIS,11113,Innen,8dn92,
http://infohub.siemens-energy.com/energy/transmission/switchgear/did/11114_AU%3A+P-019951+B2561+UW+Jena+S%C3%BCd,BMK,123.0,UW Jena Süd,http://ontology.siemens.com/shared/geography/country/did/0.4#De,TEN THÜRINGER ENERGIENETZE,11114,Innen,8dn85,
http://infohub.siemens-energy.com/energy/transmission/switchgear/did/11117_AU%3A+P-019920+A3424+GTC-956+RAS+ABU+ABOUD+SUPER+220kV+%28UPGRADE%29,BMK,220.0,220/66kV RAS ABU ABOUD SUPER,http://ontology.siemens.com/shared/geography/country/did/0.4#Qa,KAHRAMAA,11117,Innen,8dn92,
http://infohub.siemens-energy.com/energy/transmission/switchgear/did/11118_AU%3A+P-013444-P-020032+A9202+USA+Tewksbury,BMK,362.0,TEWKSBURY 22A SUBSTATION,http://ontology.siemens.com/shared/geography/country/did/0.4#Us,NATIONAL GRID,11118,Innen,8DQ161,36520
http://infohub.siemens-energy.com/energy/transmission/switchgear/did/11119_AU%3A+P-019928+B2540+Sunrise+Wind+66kV+and+330kV,RFK,66.0,Sunrise Wind EPC,,Sunrise Wind LLC,11119,Innen,8dn85,
http://infohub.siemens-energy.com/energy/transmission/switchgear/did/11120_AU%3A+P-019928+B2540+Sunrise+Wind+66kV+and+330kV,RFK,66.0,Sunrise Wind EPC,,Sunrise Wind LLC,11120,Innen,8DQ161,
http://infohub.siemens-energy.com/energy/transmission/switchgear/did/11121_AU%3A+P-019928+B2540+USA+Sunrise+Wind+OWF+%28DC-GIS%29,RFK,0.0,Sunrise Wind DC-GIS,,Orsted,11121,Innen,8DQ1DC PN 471...,
http://infohub.siemens-energy.com/energy/transmission/switchgear/did/11126_AU%3A+P-019940+SVC+Plus++Polsum,RFK,123.0,SVC Plus Polsum ,http://ontology.siemens.com/shared/geography/country/did/0.4#De,Amprion GmbH,11126,Innen,8dn85,
http://infohub.siemens-energy.com/energy/transmission/switchgear/did/11128_AU%3A+P-019987+B2585+FIN+Virkkala+110+kV+BLUE+GIS,BMK,110.0,Virkkala 110 kV BLUE GIS,http://ontology.siemens.com/shared/geography/country/did/0.4#Fi,FINGRID,11128,Innen,8VN1-1,
http://infohub.siemens-energy.com/energy/transmission/switchgear/did/11129_AU%3A+P-019996+B2591+-+Air+Liquide+Wuchi+GOK++161+kV,RFK,161.0,Air Liquid Wuchi GOK,TAI,Air Liquid,11129,Innen,8dn86,36896
http://infohub.siemens-energy.com/energy/transmission/switchgear/did/11130_AG%3A+P-020077+B2681+Feni+145kV,BMK,132.0,Feni 145kV,http://ontology.siemens.com/shared/geography/country/did/0.4#Bd,PGCB,11130,,8dn85,
http://infohub.siemens-energy.com/energy/transmission/switchgear/did/11131_AU%3A+P-020077+B2682+LOT-1+BIRULIA+132kV_BGD,BMK,145.0,Birulia 132 kV,http://ontology.siemens.com/shared/geography/country/did/0.4#Bd,PGCB,11131,Innen,8dn85,
http://infohub.siemens-energy.com/energy/transmission/switchgear/did/11132_AU%3A+P-020077+B2683+LOT-1+NAOGAON+132kV_BGD,BMK,145.0,Naogaon 132kV,http://ontology.siemens.com/shared/geography/country/did/0.4#Bd,PGCB,11132,Innen,8dn85,
http://infohub.siemens-energy.com/energy/transmission/switchgear/did/11133_AU%3A+P-020077+B2684+LOT-1+PURBASADIPUR+132kV_BGD,BMK,132.0,Purbasadipur,http://ontology.siemens.com/shared/geography/country/did/0.4#Bd,PGBD,11133,Innen,8dn85,
http://infohub.siemens-energy.com/energy/transmission/switchgear/did/11134_AU%3A+P-020077+B2685+KfW+LOT-1+PURBASADIPUR+230kV,BMK,230.0,PURBASADIPUR,http://ontology.siemens.com/shared/geography/country/did/0.4#Bd,Power Grid Company of Bangladesch Ltd.,11134,Innen,8dn92,
http://infohub.siemens-energy.com/energy/transmission/switchgear/did/11135_AU%3A+P-020077+B2686+KfW+LOT-1+NAOGAON+230kV,BMK,230.0,NAOGAON,http://ontology.siemens.com/shared/geography/country/did/0.4#Bd,Power Grid Company of Bangladesch Ltd.,11135,Innen,8dn92,
http://infohub.siemens-energy.com/energy/transmission/switchgear/did/11136_AU%3A+P-020077+B2687+KfW+LOT-1+BIRULIA+230kV,BMK,230.0,BIRULIA,http://ontology.siemens.com/shared/geography/country/did/0.4#Bd,Power Grid Company of Bangladesch Ltd.,11136,Innen,8dn92,
http://infohub.siemens-energy.com/energy/transmission/switchgear/did/11137_AU%3A+P-020077+B2688+KfW+LOT-1+FENI+230kV,BMK,230.0,FENI,http://ontology.siemens.com/shared/geography/country/did/0.4#Bd,Power Grid Company of Bangladesch Ltd.,11137,Innen,8dn92,
http://infohub.siemens-energy.com/energy/transmission/switchgear/did/11142_AU%3A+P-020006+B2618+UW+Landsham,BMK,123.0,UW Landsham,http://ontology.siemens.com/shared/geography/country/did/0.4#De,Bayernwerk Netz,11142,Außen,8dn85,
http://infohub.siemens-energy.com/energy/transmission/switchgear/did/11143_AU%3A+P-020016+B2593+NOR+Lnett+Frame+Agreement+Veland+Transformatorstasjon,RFK,145.0,Veland Transformatorstasjon,http://ontology.siemens.com/shared/geography/country/did/0.4#No,Lnett,11143,Innen,8dn85,
http://infohub.siemens-energy.com/energy/transmission/switchgear/did/11145_AU%3A+P-020049+B2641+NOR+Plurheia+Transformatorstasjon+132+kV+8VN1+,RFK,145.0,Plurheia Transformatorstajon 132kV,http://ontology.siemens.com/shared/geography/country/did/0.4#No,LINEA,11145,Innen,8VN1-1,
http://infohub.siemens-energy.com/energy/transmission/switchgear/did/11148_Au%3A+P-020134_Gode+Wind+3,BMK,725.0,Gode Wind 3,http://ontology.siemens.com/shared/geography/country/did/0.4#De,Siemens Gamesa,11148,Innen,8VM1-1,
http://infohub.siemens-energy.com/energy/transmission/switchgear/did/11150_AU%3A+P-019973+B2569+Wuxi+Gaoxiang+110kV,RFK,145.0,Wuxi Gaoxiang 110kV,http://ontology.siemens.com/shared/geography/country/did/0.4#Cn,SGCC (Jiangsu),11150,Innen,8VN1-1,
http://infohub.siemens-energy.com/energy/transmission/switchgear/did/11151_AU%3A+P-020004+B2596+Mahawi+400kV+Extension,BMK,400.0,400kV GIS Mahawi Extension,ABD,TRANSCO,11151,Innen,8dq1,
http://infohub.siemens-energy.com/energy/transmission/switchgear/did/11153_AU%3A+P-020078+B2672+Chiang+Mai+9+PEA,BMK,0.0,Chiang Mai 9,,PEA,11153,Innen,8dn85,
http://infohub.siemens-energy.com/energy/transmission/switchgear/did/11154_AU%3A+P-020254+B2916+-+ALFE+LinKou+161+kV,RFK,170.0,ALFE LinKou 161 kV,http://ontology.siemens.com/shared/geography/country/did/0.4#Tw,Air Liquide Far East Ltd.,11154,Innen,8dn86,37666
http://infohub.siemens-energy.com/energy/transmission/switchgear/did/11156_AU%3A+Service+UW+Friedrichshain+Erw.+%3DC13,BMK,380.0,UW FRIEDRICHSHAIN,http://ontology.siemens.com/shared/geography/country/did/0.4#De,50 HERTZ,11156,Innen,8DQ161,
http://infohub.siemens-energy.com/energy/transmission/switchgear/did/11159_AU%3A+P-020031+A9032+SABINAL+220-66+kV+-+REE,BMK,220.0,SUBESTACIÓN SABINAL PARQUE DE 220/66 kV,SPA,Red Eléctrica de España,11159,Innen,8dn92,37055
http://infohub.siemens-energy.com/energy/transmission/switchgear/did/11160_AU%3A+P-020031+A9032+SABINAL+220-66+kV+-+REE,BMK,66.0,SUBESTACIÓN SABINAL PARQUE DE 220/66 kV,SPA,Red Eléctrica de España,11160,Innen,8dn85,37055
http://infohub.siemens-energy.com/energy/transmission/switchgear/did/11165_AU%3A+P-020012-P-020013+B2622-B2633+Orange+Heights+230+%26+69kV+PSE%26G,RFK,69.0,ORANGE HEIGHTS SWITCHING STATION,http://ontology.siemens.com/shared/geography/country/did/0.4#Us,PSE&G,11165,Innen,8dn85,
http://infohub.siemens-energy.com/energy/transmission/switchgear/did/11166_AU%3A+P-020012-P-020013+B2622-B2633+Orange+Heights+230+%26+69kV+PSE%26G,RFK,230.0,ORANGE HEIGHTS SWITCHING STATION,http://ontology.siemens.com/shared/geography/country/did/0.4#Us,PSE&G,11166,Innen,8DQ161,36982
http://infohub.siemens-energy.com/energy/transmission/switchgear/did/11169_AU%3A+P-020041+B2679+Tereos+70kV+-Q02+,RFK,123.0,Tereos Station 2,http://ontology.siemens.com/shared/geography/country/did/0.4#Be,Tereos Syral,11169,Außen,8dn85,36640
http://infohub.siemens-energy.com/energy/transmission/switchgear/did/11172_AU%3A+P-020191+B2795+PLAZA+DE+ESPANA+132+kV+-+IBERDROLA+-+SPA,RFK,132.0,ST PLAZA DE ESPAÑA,http://ontology.siemens.com/shared/geography/country/did/0.4#Es,IBERDROLA,11172,Innen,8dn85,36927
http://infohub.siemens-energy.com/energy/transmission/switchgear/did/11179_AU%3A+P-020277+B2953+Dusit+Central+Park+115+kV-THA,RFK,115.0,Dusit Central Park 115kV,http://ontology.siemens.com/shared/geography/country/did/0.4#Th,Vimarn Suriya Company Limited,11179,Innen,8dn85,
http://infohub.siemens-energy.com/energy/transmission/switchgear/did/11183_AU%3A+P-020046+B2638+USA+Dominion+Mobile+230+kV,RFK,230.0,Mobile 44+45,http://ontology.siemens.com/shared/geography/country/did/0.4#Us,Dominion Energy,11183,Innen,8dn92,37056
http://infohub.siemens-energy.com/energy/transmission/switchgear/did/11184_AU%3A+P-020105+B2710+MICRON+TCP2+161kV,RFK,170.0,MICRON TCP2,http://ontology.siemens.com/shared/geography/country/did/0.4#Tw,MICRON,11184,Innen,8dn92,
http://infohub.siemens-energy.com/energy/transmission/switchgear/did/11185_AU%3A+P-020279+Caracol%C3%AD+110kV+Ext+%3DE06_KOL,BMK,110.0,Caracolí 110kV Ext. E06,KOL,Canadian Solar,11185,Innen,8dn85,
http://infohub.siemens-energy.com/energy/transmission/switchgear/did/11187_AU%3A+P-020067+B2656+KIES+420kV+Tennet+Mobile,BMK,420.0,380-/220-kV Mob_SF,http://ontology.siemens.com/shared/geography/country/did/0.4#De,Tennet,11187,Außen,8DQ161,
http://infohub.siemens-energy.com/energy/transmission/switchgear/did/11189_AU%3A+P-019940+SVC+Plus+Rheinau+%26+Polsum,RFK,123.0,SVC Plus Rheinau ,http://ontology.siemens.com/shared/geography/country/did/0.4#De,Amprion GmbH,11189,Innen,8dn85,
http://infohub.siemens-energy.com/energy/transmission/switchgear/did/11191_AU%3A+P-019922+UW+Berlin+Mitte+%28Plan+C%29+420+kV+,BMK,0.0,UW Berlin Mitte,,50 hertz,11191,Innen,8DQ161,
http://infohub.siemens-energy.com/energy/transmission/switchgear/did/11192_AU%3A++P-019922+B2634+UW+Friedrichshain+110kV,BMK,110.0,UW Friedrichshain 110kV,Berlin,50Hertz,11192,Innen,8dn85,
http://infohub.siemens-energy.com/energy/transmission/switchgear/did/11193_AU%3A+P-020003+B2650+Air+Product+NK9+Ext.+%3DE05,BMK,170.0,NK9 Ext.,http://ontology.siemens.com/shared/geography/country/did/0.4#Tw,Air Products,11193,Innen,8dn86,36646
http://infohub.siemens-energy.com/energy/transmission/switchgear/did/11197_AU%3A+P-020034+B2647+Deknepollen+132kV,RFK,132.0,Deknepollen 132kV,http://ontology.siemens.com/shared/geography/country/did/0.4#No,Linja AS,11197,Innen,8VN1-1,
http://infohub.siemens-energy.com/energy/transmission/switchgear/did/11198_AU%3A+P-020033+B2642+NOR+Lefdal+132+kV+Koblingsstasjon,RFK,132.0,Lefdal 132 kV Koblingsstasjon,http://ontology.siemens.com/shared/geography/country/did/0.4#No,Linja AS,11198,Innen,8VN1-1,
http://infohub.siemens-energy.com/energy/transmission/switchgear/did/11199_AU%3A+P-020050+B2623+NOR+Lyse+Frame+Agreement+H%C3%A5land+Transformatorstasjon,RFK,145.0,Håland Transformatorstasjon,http://ontology.siemens.com/shared/geography/country/did/0.4#No,Lnett,11199,Innen,8dn85,
http://infohub.siemens-energy.com/energy/transmission/switchgear/did/11201_AU%3A+P-020073+B2693+Therwil+8VN1,RFK,0.0,Therwil,http://ontology.siemens.com/shared/geography/country/did/0.4#Sz,Primeo Energie AG,11201,Innen,8VN1-1,
http://infohub.siemens-energy.com/energy/transmission/switchgear/did/11202_AG%3A+P-020030+B2609+CHN+SGCC+-+Zhengzhou+Zhengxin+110kV,BMK,110.0,SGCC(Henan) Zhengzhou Zhengxin 110kV ss 126kV,http://ontology.siemens.com/shared/geography/country/did/0.4#Cn,SGCC Zhengzhou PSB,11202,Innen,8VN1-1,
http://infohub.siemens-energy.com/energy/transmission/switchgear/did/11204_AU%3A+P-020069+B2664+PSMC+P5+161kV,RFK,170.0,PSMC P5 161kV,http://ontology.siemens.com/shared/geography/country/did/0.4#Tw,PSMC,11204,Innen,8dn86,
http://infohub.siemens-energy.com/energy/transmission/switchgear/did/11212_AU%3A+P-020079+B2674+Sandlid+145+kV+GIS,RFK,145.0,Sandlid 145 kV,http://ontology.siemens.com/shared/geography/country/did/0.4#Se,Borås Elnät AB,11212,Innen,8dn85,36737
http://infohub.siemens-energy.com/energy/transmission/switchgear/did/11213_AU%3A+P-019993+B2582+NOR+Troll+West+Electrification+Kollsnes+145kV,RFK,0.0,Troll West Electrification / GIS 145kV Kollsnes,http://ontology.siemens.com/shared/geography/country/did/0.4#No,Equinor,11213,Innen,8dn85,
http://infohub.siemens-energy.com/energy/transmission/switchgear/did/11214_AU%3A+P-019993+B2582+NOR+Troll+West+Electrification+Troll+B+145kV,RFK,0.0,Troll West Electrification / Troll B 145kV GIS,http://ontology.siemens.com/shared/geography/country/did/0.4#No,Equinor,11214,Innen,8dn85,
http://infohub.siemens-energy.com/energy/transmission/switchgear/did/11215_AU%3A+P-019993+B2582+NOR+Troll+West+Electrification+Troll+C+145kV,RFK,0.0,Troll West Electrification / Troll C 145kV GIS,http://ontology.siemens.com/shared/geography/country/did/0.4#No,Equinor,11215,Innen,8dn85,
http://infohub.siemens-energy.com/energy/transmission/switchgear/did/11216_AU%3A+P-019993+B2582+NOR+Troll+West+Electrification+Kollsnes+300kV,RFK,0.0,Troll West Electrification_GIS 300kV Kollsnes,http://ontology.siemens.com/shared/geography/country/did/0.4#No,Equinor,11216,Innen,8DQ161,
http://infohub.siemens-energy.com/energy/transmission/switchgear/did/11218_AU%3A+P-020068+B2657+BURRIANA+66+kV+-+IBERDROLA,RFK,66.0,STR BURRIANA,http://ontology.siemens.com/shared/geography/country/did/0.4#Es,IBERDROLA,11218,Innen,8dn85,37010
http://infohub.siemens-energy.com/energy/transmission/switchgear/did/11220_AU%3A+P-020074+B2666+AWC-EMPIRE+TOWER+69-115kV+GIS,RFK,69.0,EMPIRE TOWER REPLACEMENT,http://ontology.siemens.com/shared/geography/country/did/0.4#Th,ASSET WORLD COOPERATION,11220,Innen,8dn85,
http://infohub.siemens-energy.com/energy/transmission/switchgear/did/11221_AU%3A+P-020071+B2659+GKW+Leipheim_380+kV,BMK,380.0,GKW LEIPHEIM,http://ontology.siemens.com/shared/geography/country/did/0.4#De,GKW LEIPHEIM GmbH & Co. KG,11221,Innen,8DQ161,
http://infohub.siemens-energy.com/energy/transmission/switchgear/did/11222_AU%3A+P-020075+SCCC+-+Replace+Kiln5+GIS+115kV,RFK,0.0,Replace Kiln5 GIS 115kV,http://ontology.siemens.com/shared/geography/country/did/0.4#Th,SCCC,11222,Innen,,
http://infohub.siemens-energy.com/energy/transmission/switchgear/did/11223_AU%3A+P-020116+B2779+SLO+Ljubljana+Center,BMK,123.0,Ljubljana Center,http://ontology.siemens.com/shared/geography/country/did/0.4#Si,Elektro Ljubljana d.d.,11223,Innen,8dn85,
http://infohub.siemens-energy.com/energy/transmission/switchgear/did/11284_AU%3A+P-020257+B2873+VIS+Fab+5+161+kV+,RFK,161.0,Fab 5 161 kV,http://ontology.siemens.com/shared/geography/country/did/0.4#Tw,VIS,11284,Innen,8dn92,
http://infohub.siemens-energy.com/energy/transmission/switchgear/did/11299_AU%3A+P-020133+B2748+-+Ingredion+BKD+115kV,RFK,123.0,Ingredion BKD,http://ontology.siemens.com/shared/geography/country/did/0.4#Th,Ingredion Co. Ltd.,11299,Außen,8dn85,37308
http://infohub.siemens-energy.com/energy/transmission/switchgear/did/11300_AU%3A+P-020115+B2719+Malinta+Substation+115kV+-+63+kA,RFK,123.0,Malinta 115kV,http://ontology.siemens.com/shared/geography/country/did/0.4#Ph,Manila Electric Company,11300,Innen,8dn86,
http://infohub.siemens-energy.com/energy/transmission/switchgear/did/11313_AU%3A+P-020180+B2841+Elstree+132+Ext.,BMK,132.0,Elstree 132kV Extension,http://ontology.siemens.com/shared/geography/country/did/0.4#Gb,Electricity Alliance North ,11313,Innen,8dn85,
http://infohub.siemens-energy.com/energy/transmission/switchgear/did/11314_AU%3A+P-020122+B2966+B2967+KHM+Phnom+Penh+City+Phase+II+-+GS3+Substation+230-115kV,RFK,115.0,Phnom Penh City T&D Exp. - Phase II,http://ontology.siemens.com/shared/geography/country/did/0.4#Kh,ELECTRICITE DU CAMBODGE,11314,Innen,8dn85,
http://infohub.siemens-energy.com/energy/transmission/switchgear/did/11315_AU%3A+P-020122+B2968+KHM+Phnom+Penh+City+Phase+II+-+Toul+Kork+Substation+115kV,RFK,115.0,Phnom Penh City T&D Exp. - Phase II,http://ontology.siemens.com/shared/geography/country/did/0.4#Kh,ELECTRICITE DU CAMBODGE,11315,Innen,8dn85,
http://infohub.siemens-energy.com/energy/transmission/switchgear/did/11316_AU%3A+P-020122+B2966+B2967+KHM+Phnom+Penh+City+Phase+II+-+GS3+Substation+230-115kV,RFK,230.0,Phnom Penh City T&D Exp. - Phase II,http://ontology.siemens.com/shared/geography/country/did/0.4#Kh,ELECTRICITE DU CAMBODGE,11316,Innen,8dn92,
http://infohub.siemens-energy.com/energy/transmission/switchgear/did/11317_AU%3A+P-020128+B2734+AIFA+Switcheo+230+kV+Ampliaci%C3%B3n,BMK,230.0,AIFA Switcheo Ampliación,Mexiko,CFE,11317,Innen,8dn92,
http://infohub.siemens-energy.com/energy/transmission/switchgear/did/11318_AU%3A+132kV+GIS+Valley+S-S++enhanced+V1,BMK,145.0,132kV GIS Valley S/S  enhanced V1,DUB,DEWA,11318,Innen,8dn85,
http://infohub.siemens-energy.com/energy/transmission/switchgear/did/11319_AU%3A+P-020187+UA+Kastengrund,RFK,145.0,UA Kastengrund,http://ontology.siemens.com/shared/geography/country/did/0.4#De,SYNA GmbH,11319,Innen,8dn85,
http://infohub.siemens-energy.com/energy/transmission/switchgear/did/11320_AU%3A+P-020185+UA_RZ+Babenhausen,RFK,123.0,UA_RZ Babenhausen,http://ontology.siemens.com/shared/geography/country/did/0.4#De,Syna GmbH,11320,Innen,8dn85,
http://infohub.siemens-energy.com/energy/transmission/switchgear/did/11323_AU%3A+P-020139+Ramon+Reberte+345kV,RFK,345.0,SE Ramon Reberte 345 kV,http://ontology.siemens.com/shared/geography/country/did/0.4#Br,CTEEP,11323,Innen,8DQ161,
http://infohub.siemens-energy.com/energy/transmission/switchgear/did/11324_AU%3A+P-020138+SE+Miguel+Reale+345+kV+,RFK,345.0,SE Miguel Reale 345kV,http://ontology.siemens.com/shared/geography/country/did/0.4#Br,CTEEP,11324,Innen,8DQ161,
http://infohub.siemens-energy.com/energy/transmission/switchgear/did/11325_AU%3A+P-020129+B2738+Moray+West+Offshore+Plattform+66kV+%28OSP1%29,RFK,0.0,Moray West Offshore Plattform ,http://ontology.siemens.com/shared/geography/country/did/0.4#Gb,Moray Offshore Windfarm Ltd.,11325,Innen,8dn85,
http://infohub.siemens-energy.com/energy/transmission/switchgear/did/11326_AU%3A+P-020129+B2867+Moray+West+Offshore+Plattform+66kV+%28OSP2%29,RFK,0.0,Moray West Offshore Plattform ,http://ontology.siemens.com/shared/geography/country/did/0.4#Gb,Moray Offshore Windfarm Ltd.,11326,Innen,8dn85,
http://infohub.siemens-energy.com/energy/transmission/switchgear/did/11327_AU%3A+P-020129+B2738+Moray+West+Offshore+Plattform+220kV+%28OSP1%29,RFK,0.0,Moray West Offshore Plattform ,http://ontology.siemens.com/shared/geography/country/did/0.4#Gb,Moray West Offshore Wind Farm Ltd.,11327,,8dn92,
http://infohub.siemens-energy.com/energy/transmission/switchgear/did/11328_AU%3A+P-020129+B2867+Moray+West+Offshore+Plattform+220kV+%28OSP2%29,RFK,0.0,Moray West Offshore Plattform ,http://ontology.siemens.com/shared/geography/country/did/0.4#Gb,Moray West Offshore Wind Farm Ltd.,11328,Innen,8dn92,
http://infohub.siemens-energy.com/energy/transmission/switchgear/did/11332_AU%3A+P-020146+B2784+OES+Ailecgasse+110+kV,BMK,123.0,Ailecgasse 110 kV,http://ontology.siemens.com/shared/geography/country/did/0.4#At,Wiener Netze,11332,Innen,8dn85,
http://infohub.siemens-energy.com/energy/transmission/switchgear/did/11361_AU%3A+P-020041+B2679+Tereos+70kV+-Q01,RFK,123.0,Tereos -Q01,http://ontology.siemens.com/shared/geography/country/did/0.4#Be,Tereos Syral,11361,Innen,8dn85,33640
http://infohub.siemens-energy.com/energy/transmission/switchgear/did/11376_AU%3A+P-020190+B2796+ALONSOTEGUI+132+kV+-+IBERDROLA+-+SPA,RFK,132.0,ST ALONSOTEGUI,http://ontology.siemens.com/shared/geography/country/did/0.4#Es,IBERDROLA,11376,Innen,8dn85,37326
http://infohub.siemens-energy.com/energy/transmission/switchgear/did/11381_AU%3A+P-020149+B2757+Ling+Long+SRB,BMK,123.0,Ling Long 110 kV GIS,http://ontology.siemens.com/shared/geography/country/did/0.4#Rs,Ling Long,11381,Innen,8dn85,36964
http://infohub.siemens-energy.com/energy/transmission/switchgear/did/11397_AU%3A+P-020168+A8298+NOR+Sogn+Extension+II,BMK,145.0,Sogn Extension,http://ontology.siemens.com/shared/geography/country/did/0.4#No,Elvia,11397,Innen,8dn85,
http://infohub.siemens-energy.com/energy/transmission/switchgear/did/11405_AU%3A+P-020178+B2824+Abramowice+123+kV,BMK,145.0,Abramowice 123 kV,http://ontology.siemens.com/shared/geography/country/did/0.4#Pl,Polska Grupa Energetyczna S.A.,11405,Innen,8dn85,
http://infohub.siemens-energy.com/energy/transmission/switchgear/did/11407_AU+P-020169+A7836+Torshov+132kV+GIS+Extension,BMK,132.0,Torshov Trafostasjon ,Oslo-Torshov,Elvia,11407,Innen,8dn85,
http://infohub.siemens-energy.com/energy/transmission/switchgear/did/11412_AU%3A+P-020170+B2771+BER2+-+Bt+T,BMK,123.0,BER2 - Bt T,http://ontology.siemens.com/shared/geography/country/did/0.4#De,Stromnetze Berlin,11412,Innen,8dn85,
http://infohub.siemens-energy.com/energy/transmission/switchgear/did/11414_AU%3A+P-018988-B1999+Vestbyen+8VN1+,RFK,132.0,Vestbyen  145kV,http://ontology.siemens.com/shared/geography/country/did/0.4#No,Tronder Energi,11414,Innen,8VN1-1,
http://infohub.siemens-energy.com/energy/transmission/switchgear/did/11415_AU%3A+P-020250+B2975+OES+Wien+West+,BMK,123.0,Wien West,http://ontology.siemens.com/shared/geography/country/did/0.4#At,Wiener Netze,11415,Innen,8dn85,37007
http://infohub.siemens-energy.com/energy/transmission/switchgear/did/11417_AU%3A+P-020188+B2792+Pedregal+115+kV+CFE,RFK,123.0,Pedregal 115 kV,http://ontology.siemens.com/shared/geography/country/did/0.4#Mx,CFE,11417,Innen,8dn85,
http://infohub.siemens-energy.com/energy/transmission/switchgear/did/11418_AU%3A+P-020184+B2791+CFE+SE+BAJIO+230kV,RFK,230.0,SE BAJIO 230kV,http://ontology.siemens.com/shared/geography/country/did/0.4#Mx,CFE,11418,Innen,8dn92,
http://infohub.siemens-energy.com/energy/transmission/switchgear/did/11437_AU%3A+P-020209+B2825+UW+Kalve+DEU,RFK,123.0,UW Kalve,http://ontology.siemens.com/shared/geography/country/did/0.4#De,ENERVIE Vernetzt GmbH,11437,Innen,8dn85,
http://infohub.siemens-energy.com/energy/transmission/switchgear/did/11450_AU%3A+P-020199+B2812+BEL+Mercator+GIB+380+kV,RFK,380.0,Mercator GIB 380 kV,http://ontology.siemens.com/shared/geography/country/did/0.4#Be,ELIA,11450,Außen,8DQ161,
http://infohub.siemens-energy.com/energy/transmission/switchgear/did/11451_AU%3A+P-020176+KAT+GTC-954-2019+_+Current+Limiting+Reactors+LZS-KM+400kV,RFK,0.0,400/132/11kV LOGISTIC ZONE SUPER SUBSTATION,,KAHRAMAA,11451,Innen,8DQ161,
http://infohub.siemens-energy.com/energy/transmission/switchgear/did/11456_AU%3A+P-02091+B2938+THA+Song+Sa+Ard+Substation,BMK,115.0,Song Sa Ard Substation,http://ontology.siemens.com/shared/geography/country/did/0.4#Th,Metropolitan Electricity Authority,11456,Innen,8dn85,36219
http://infohub.siemens-energy.com/energy/transmission/switchgear/did/11457_AU%3A+P-019982+B2574+Nornickel+GPP-83+110kV_RUS,BMK,110.0,Nornickel GPP-83,http://ontology.siemens.com/shared/geography/country/did/0.4#Ru,Norilsk Nickel,11457,Innen,8dn85,
http://infohub.siemens-energy.com/energy/transmission/switchgear/did/11458_AU%3A+P-020228+B2831+UW+Esslingen+West+DEU,BMK,123.0,UW Esslingen West,http://ontology.siemens.com/shared/geography/country/did/0.4#De,Netze BW,11458,Innen,8dn85,
http://infohub.siemens-energy.com/energy/transmission/switchgear/did/11460_AU%3A+P-013406-+P-016609-+P-019081-+P-020182+A9256+Blackhillock+400-132kV,BMK,132.0,Blackhillock,http://ontology.siemens.com/shared/geography/country/did/0.4#Gb,Scottish and southern energy,11460,Innen,8DQ161,
http://infohub.siemens-energy.com/energy/transmission/switchgear/did/11462_AU%3A+P-020207+B2816_B2818+-+MEX+Sancela+85kV,RFK,123.0,Propia Sancela 85kV,http://ontology.siemens.com/shared/geography/country/did/0.4#Mx,CFE,11462,Außen,8dn85,1158
http://infohub.siemens-energy.com/energy/transmission/switchgear/did/11463_AU%3A+P-020219+B2830+Shunoof+220kV,BMK,220.0,Shunoof 220kV,,SEWA,11463,Außen,8dn92,
http://infohub.siemens-energy.com/energy/transmission/switchgear/did/11464_Service+AU%3A+B2695+Cacicedo+Umbau+D01,BMK,220.0,Cacicedo ,SPA,Red Electrica de España ,11464,,8dn92,
http://infohub.siemens-energy.com/energy/transmission/switchgear/did/11465_AU%3A+P-020213+B2832+Pared%C3%B3n+115kV,RFK,0.0,S.E. Paredón 115kV,http://ontology.siemens.com/shared/geography/country/did/0.4#Mx,PEMEX,11465,Innen,8dn85,
http://infohub.siemens-energy.com/energy/transmission/switchgear/did/11466_AU%3A+P-020255+B2913+Sun+Ba+Plant+2+161+kV,RFK,161.0,Sun Ba Plant 2,TAI,Sun Ba Power Corp.,11466,Innen,8dn86,
http://infohub.siemens-energy.com/energy/transmission/switchgear/did/11467_AU%3A+P-020242+B2865+Hickory+138kV+50kA,RFK,138.0,Hickory 138kV,http://ontology.siemens.com/shared/geography/country/did/0.4#Us,Denton Municipal Electric (DME),11467,Innen,8dn85,
http://infohub.siemens-energy.com/energy/transmission/switchgear/did/11468_AU%3A+P-020244+B2852+ComEd+Elmhurst+345kV+GIS+Substation,BMK,345.0,Elmhurst,http://ontology.siemens.com/shared/geography/country/did/0.4#Us,ComEd,11468,Innen,8DQ161,
http://infohub.siemens-energy.com/energy/transmission/switchgear/did/11469_AU%3A+P-020267+B2868+Cliffs+Substation+69+kV+PSE%26G,RFK,69.0,CLIFFS SUBSTATION,http://ontology.siemens.com/shared/geography/country/did/0.4#Us,PSE&G ,11469,Innen,8dn85,31022
http://infohub.siemens-energy.com/energy/transmission/switchgear/did/11471_P-020276+UW+Uptown+145kV+Blue,RFK,145.0,UW Uptown 145kV Blue,http://ontology.siemens.com/shared/geography/country/did/0.4#Sz,uptownBasel Infra AG,11471,Innen,8VN1-1,
http://infohub.siemens-energy.com/energy/transmission/switchgear/did/11472_AU%3A+P-020216+B2853+Martinez+132+kV,RFK,132.0,Martinez 132kV,,EDENOR,11472,Innen,8dn85,
http://infohub.siemens-energy.com/energy/transmission/switchgear/did/11473_AU%3A+P-020216+B2853+Martinez+132+kV,RFK,132.0,Martinez 132kV,,EDENOR,11473,Innen,8dn85,
http://infohub.siemens-energy.com/energy/transmission/switchgear/did/11474_AG%3A+VDB+37336+DEU+Umbau+UW+Teufelsbruch,BMK,380.0,Umbau UW Teufelsbruch,http://ontology.siemens.com/shared/geography/country/did/0.4#De,50 Hertz,11474,Außen,8DQ161,37336
http://infohub.siemens-energy.com/energy/transmission/switchgear/did/11482_AU%3A+P-020288+B2770+Ramon+Reberte+345kV++Ext.,RFK,345.0,SE Ramon Reberte 345 kV Ext.,http://ontology.siemens.com/shared/geography/country/did/0.4#Br,MEZ Energia e Participacoes LTDA,11482,Innen,8DQ161,
http://infohub.siemens-energy.com/energy/transmission/switchgear/did/11483_AU%3A+P-020287+B2769+SE+Miguel+Reale+345+kV++Ext.,RFK,345.0,SE Miguel Reale 345kV Ext.,http://ontology.siemens.com/shared/geography/country/did/0.4#Br,MEZ Energia e Participacoes LTDA,11483,Innen,8DQ161,
http://infohub.siemens-energy.com/energy/transmission/switchgear/did/11491_AU%3A+P-020241+UW+Bramfeld,RFK,123.0,UW Bramfeld,http://ontology.siemens.com/shared/geography/country/did/0.4#De,Stromnetz Hamburg GmbH,11491,Innen,8VN1-1,
http://infohub.siemens-energy.com/energy/transmission/switchgear/did/11492_AU%3A+P-020082++B2667+Qisquerq+70kV+,RFK,70.0,Qisquercq 70kV,http://ontology.siemens.com/shared/geography/country/did/0.4#Be,ELIA  ASSET NV/SA,11492,Innen,8dn85,
http://infohub.siemens-energy.com/energy/transmission/switchgear/did/11513_AU%3A+P-020221+B2838+NOR+REN+Container+Solution+145kV+BLUE,RFK,145.0,REN Container Solution 145kV BLUE,http://ontology.siemens.com/shared/geography/country/did/0.4#No,REN GIS-Beredskap AS,11513,Innen,8VN1-1,
http://infohub.siemens-energy.com/energy/transmission/switchgear/did/11518_P-020227+B2982+NOR+Blomoy+132kV,RFK,0.0,Blomoy 132kV,http://ontology.siemens.com/shared/geography/country/did/0.4#No,BKK Nett,11518,Innen,8VN1-1,
http://infohub.siemens-energy.com/energy/transmission/switchgear/did/11519_AU%3A+P-020226+B2840+NOR+Knarvik,RFK,0.0,Knarvik,http://ontology.siemens.com/shared/geography/country/did/0.4#No,BKK Nett,11519,Innen,8VN1-1,
http://infohub.siemens-energy.com/energy/transmission/switchgear/did/11520_AU%3A+P-020252+B2863+UW+Ausstellung+SW+M,RFK,123.0,UW Ausstellung,http://ontology.siemens.com/shared/geography/country/did/0.4#De,SW M,11520,Innen,8dn85,
http://infohub.siemens-energy.com/energy/transmission/switchgear/did/11521_AU%3A+P-020262+B2871+Container+SW+M,RFK,123.0,Container,http://ontology.siemens.com/shared/geography/country/did/0.4#De,SW M,11521,Innen,8dn85,
http://infohub.siemens-energy.com/energy/transmission/switchgear/did/11523_AU%3A+P-020232+Konstant+Container,BMK,725.0,Konstant Container,http://ontology.siemens.com/shared/geography/country/did/0.4#Dk,Konstant,11523,Innen,8VN1-1,
http://infohub.siemens-energy.com/energy/transmission/switchgear/did/11526_AU%3A+P-020275+B2885+McCook+138+kV+ComEd,RFK,138.0,TSS51 McCook 138 kV GIS,http://ontology.siemens.com/shared/geography/country/did/0.4#Us,ComEd,11526,Innen,8dn86,
http://infohub.siemens-energy.com/energy/transmission/switchgear/did/11527_AU%3A+P-020292+B2926+Straumsmo+145+kV,RFK,145.0,Straumsmo 145 kV,http://ontology.siemens.com/shared/geography/country/did/0.4#No,Statkraft,11527,Innen,8VN1-1,37438
http://infohub.siemens-energy.com/energy/transmission/switchgear/did/11528_AU%3A+P-020350+B2969+APSF+F22+P1+161kV,RFK,170.0,APSF F22 P1 161kV,http://ontology.siemens.com/shared/geography/country/did/0.4#Tw,Air Products San Fu Co. Ltd.,11528,Innen,8dn86,
http://infohub.siemens-energy.com/energy/transmission/switchgear/did/11529_AU%3A+P-020233+B2845+IRL+Greenlink,RFK,0.0,Greenlink Interconnector,http://ontology.siemens.com/shared/geography/country/did/0.4#Ie,Greenlink Interconnector Limited,11529,Innen,8dn92,
http://infohub.siemens-energy.com/energy/transmission/switchgear/did/11530_AU%3A+P-019922+UW+Berlin+Mitte+%28Plan+C%29+420+kV+,BMK,0.0,UW Berlin Mitte,,50 hertz,11530,Innen,8DQ161,
http://infohub.siemens-energy.com/energy/transmission/switchgear/did/11531_AU%3A+P-019922+UW+Berlin+Mitte+%28Plan+C%29+420+kV+,BMK,0.0,UW Berlin Mitte,,50 hertz,11531,Innen,8DQ161,
http://infohub.siemens-energy.com/energy/transmission/switchgear/did/11534_AU%3A+P-020319+B2869+Airport+132+kV,BMK,132.0,Airport 132 kV,UAE,SEWA,11534,Innen,8dn85,37281
http://infohub.siemens-energy.com/energy/transmission/switchgear/did/11536_AU%3A+P-020240+B2858+Kilroot+Transformerconnection,RFK,400.0,Kilroot Transformerconnection,http://ontology.siemens.com/shared/geography/country/did/0.4#Gb,EP Kilroot Limited,11536,Außen,8DQ161,
http://infohub.siemens-energy.com/energy/transmission/switchgear/did/11537_AU%3A+P-020432+B2640+POSTE+380+kV+RIMIERE+ELIA+BEL,RFK,380.0,POSTE 380 kV RIMIERE,http://ontology.siemens.com/shared/geography/country/did/0.4#Be,ELIA,11537,Außen,8DQ161,
http://infohub.siemens-energy.com/energy/transmission/switchgear/did/11539_AU%3A+P-020256+B2912+-+WIN+LuChu+161kV,RFK,170.0,WIN LuChu 161kV,http://ontology.siemens.com/shared/geography/country/did/0.4#Tw,WIN Semiconductors Corp.,11539,Innen,8dn86,37341
http://infohub.siemens-energy.com/energy/transmission/switchgear/did/11540_AU%3A+P-020253+B2826+Watson+138+kV+,RFK,138.0,Watson 138 kV,http://ontology.siemens.com/shared/geography/country/did/0.4#Us,Duquesne Light Company,11540,Innen,8dn86,
http://infohub.siemens-energy.com/energy/transmission/switchgear/did/11544_AU%3A+P-020326+B2939+Micron+F11+161+kV+Extension,BMK,0.0,Micron F11 Extension,http://ontology.siemens.com/shared/geography/country/did/0.4#Tw,MICRON,11544,Innen,8dn92,
http://infohub.siemens-energy.com/energy/transmission/switchgear/did/11545_AU%3A+P-020289+B2940+Micron+A3+Extension,RFK,170.0,Micron A3 Extension,http://ontology.siemens.com/shared/geography/country/did/0.4#Tw,MICRON,11545,Innen,8dn92,
http://infohub.siemens-energy.com/energy/transmission/switchgear/did/11546_AU%3A+P-020271+B2891+Sein%C3%A4joki+FIN+110+kV,BMK,110.0,Seinäjoki 110 kV,http://ontology.siemens.com/shared/geography/country/did/0.4#Fi,Fingrid,11546,Innen,8dn85,37642
http://infohub.siemens-energy.com/energy/transmission/switchgear/did/11584_AU%3A+P-020290+A5860+Brno+Prikop+Extension+CRE,BMK,123.0,Brno Prikop Extension,Brno,,11584,Innen,8dn85,
http://infohub.siemens-energy.com/energy/transmission/switchgear/did/11585_AU%3A+P-020278+B2892+Kilcarbery,RFK,123.0,Kilcarbery,http://ontology.siemens.com/shared/geography/country/did/0.4#Ie,H&MV ENGINEERING,11585,Innen,8dn85,
http://infohub.siemens-energy.com/energy/transmission/switchgear/did/11587_AU%3A+P-020322+A8738+Al+Nahda+Extension+%3DE01,BMK,132.0,Al Nahda,UAE ABD,Transco,11587,Innen,8dn85,
http://infohub.siemens-energy.com/energy/transmission/switchgear/did/11588_AU%3A+P-020305+B2915+CFE+S.E.+TUXPAN+SF6+400kV,RFK,420.0,S.E. TUXPAN SF6,http://ontology.siemens.com/shared/geography/country/did/0.4#Mx,CFE,11588,Innen,8DQ161,
http://infohub.siemens-energy.com/energy/transmission/switchgear/did/11592_AU%3A+P-020255+B2913+Sun+Ba+Plant+2+161+kV,RFK,161.0,Sun Ba Plant 2,TAI,Sun Ba Power Corp.,11592,Außen,,
http://infohub.siemens-energy.com/energy/transmission/switchgear/did/11593_AU%3A+P-020377+B2990+USA+Bear+Run+Switching+Station,RFK,230.0,Bear Run Switching Station,http://ontology.siemens.com/shared/geography/country/did/0.4#Us,Dominion Energy,11593,Innen,8DQ161,37808
http://infohub.siemens-energy.com/energy/transmission/switchgear/did/11594_AU%3A+P-020329+B2965+NOR+Bognes+Transformatorstasjon,RFK,66.0,Bognes Transformatorstasjon,http://ontology.siemens.com/shared/geography/country/did/0.4#No,Kystnett,11594,Innen,8VN1-1,
http://infohub.siemens-energy.com/energy/transmission/switchgear/did/11595_AU%3A+P-020283+B2927++Par13%26Par14+Interxion+,BMK,220.0,Par13&Par14 Interxion ,http://ontology.siemens.com/shared/geography/country/did/0.4#Fr,Interxion,11595,Innen,8dn92,
http://infohub.siemens-energy.com/energy/transmission/switchgear/did/11596_AU%3A+P-020283+B2927++Par13%26Par14+Interxion+,BMK,220.0,Par13&Par14 Interxion ,http://ontology.siemens.com/shared/geography/country/did/0.4#Fr,Interxion,11596,Innen,8dn92,
http://infohub.siemens-energy.com/energy/transmission/switchgear/did/11597_AU%3A+P-020334+HKW+Nord+SW+Bonn,BMK,110.0,HKW Nord SW Bonn,http://ontology.siemens.com/shared/geography/country/did/0.4#De,SWB Stadtwerke Bonn,11597,Innen,8dn85,
http://infohub.siemens-energy.com/energy/transmission/switchgear/did/11598_AU%3A+P-020390+B3015+Kishoge+7+Bays,RFK,123.0,Kishoge 7 Bays,http://ontology.siemens.com/shared/geography/country/did/0.4#Ie,H&MV Engineering,11598,Innen,8dn85,
http://infohub.siemens-energy.com/energy/transmission/switchgear/did/11599_AU%3A+P-020180+B2841+Elstree+132+Ext.,BMK,132.0,Elstree 132kV Extension,http://ontology.siemens.com/shared/geography/country/did/0.4#Gb,Electricity Alliance North ,11599,Innen,8dn85,
http://infohub.siemens-energy.com/energy/transmission/switchgear/did/11600_AU%3A+P-020367+B2996+Beauly+132kV,RFK,132.0,Beauly 132kV,http://ontology.siemens.com/shared/geography/country/did/0.4#Gb,Scottish and southern energy,11600,Innen,8VN1-1,
http://infohub.siemens-energy.com/energy/transmission/switchgear/did/11602_AU%3A+P-020296+B2904+DEU+UW+Bentwisch+DC-GIS,BMK,0.0,UW Bentwisch,,50Hertz,11602,Außen,8DQ1DC PN 471...,
http://infohub.siemens-energy.com/energy/transmission/switchgear/did/11606_AU%3A+P-020451+B2955+ADNOC+Lightning+DAS+132+kV+%28DAS+Cluster%29,BMK,132.0,DAS 132 kV,UAE ABD,ADNOC,11606,Außen,8dn85,
http://infohub.siemens-energy.com/energy/transmission/switchgear/did/11607_AU%3A+P-020451+B2955+ADNOC+Lightning+DAS+132+kV+%28DAS+Cluster%29,BMK,132.0,DAS 132 kV,UAE ABD,ADNOC,11607,Außen,8dn86,
http://infohub.siemens-energy.com/energy/transmission/switchgear/did/11608_AU%3A+P-020451+B2957+ADNOC+Lightning+Al+Ghallan+132+kV+%28Zakum+Cluster%29+,BMK,132.0,Al Ghallan 132 kV,UAE ABD,ADNOC,11608,Innen,8dn85,
http://infohub.siemens-energy.com/energy/transmission/switchgear/did/11611_AU%3A+P-020451+B2956+Mirfa+Onshore+400kV+%28Zakum+Cluster%29,BMK,400.0,Mirfa Onshore 400kV (Zakum Cluster),ABD,ADNOC,11611,Innen,8dq1,
http://infohub.siemens-energy.com/energy/transmission/switchgear/did/11614_AU%3A+P-020347+DEWA+8DN8+Reactor+cable+housings,BMK,145.0,AU: P-020347 DEWA 8DN8 Reactor cable housings,DUB,DEWA,11614,Außen,8dn85,NA
http://infohub.siemens-energy.com/energy/transmission/switchgear/did/11615_AU%3A+P-020411+B3026+Mahasawat+Water+Treatment+Plant+115+kV_THA,RFK,115.0,Mahasawat Water Treatment Plant,http://ontology.siemens.com/shared/geography/country/did/0.4#Th,Metropolitan Waterworks Authority,11615,Innen,8dn85,NA
http://infohub.siemens-energy.com/energy/transmission/switchgear/did/11618_AU%3A+P-020324+A5520+ROCIO+220+kV+Ext+2+%3DD06+-+REE+-+SPA,BMK,220.0,SUBESTACIÓN DE ROCIO 220 kV,http://ontology.siemens.com/shared/geography/country/did/0.4#Es,REE,11618,Innen,8dn92,37327
http://infohub.siemens-energy.com/energy/transmission/switchgear/did/11619_AU%3A+P-020325+B2934+ABANTO+132+kV+-+IBERDROLA+-+SPA,RFK,132.0,ST ABANTO,http://ontology.siemens.com/shared/geography/country/did/0.4#Es,IBERDROLA,11619,Innen,8dn85,NA
http://infohub.siemens-energy.com/energy/transmission/switchgear/did/11621_AU%3A+P-020340+B2942+UW+Modriach+8DN8-5,RFK,123.0,UW Modriach,http://ontology.siemens.com/shared/geography/country/did/0.4#At,Energienetze Steiermark GmbH,11621,Innen,8dn85,37769
http://infohub.siemens-energy.com/energy/transmission/switchgear/did/11623_AU%3A+P-020331+B2964+Rathnaskillogue+Solar+Farm+,RFK,123.0,Rathnaskillogue Solar Farm,http://ontology.siemens.com/shared/geography/country/did/0.4#Ie,H&MV Engineering,11623,Innen,8dn85,NA
http://infohub.siemens-energy.com/energy/transmission/switchgear/did/11626_AU%3A+P-020337+B2935+LAVANDERAS+66+kV+-+IBERDROLA+-+SPA,RFK,66.0,STR LAVANDERAS,http://ontology.siemens.com/shared/geography/country/did/0.4#Es,IBERDROLA,11626,Innen,8dn85,37658
http://infohub.siemens-energy.com/energy/transmission/switchgear/did/11627_AU%3A+P-020342+B2936+LA+ASOMADA+66+kV+-+IBERDROLA+-+SPA,RFK,72.0,ST LA ASOMADA,http://ontology.siemens.com/shared/geography/country/did/0.4#Es,IBERDROLA,11627,Innen,8dn85,37747
http://infohub.siemens-energy.com/energy/transmission/switchgear/did/11634_AU%3A+P-020366+B2976+PAK+KKI+220+kV,BMK,245.0,KKI,http://ontology.siemens.com/shared/geography/country/did/0.4#Pk,K-Electric,11634,Innen,8DQ161,36870
http://infohub.siemens-energy.com/energy/transmission/switchgear/did/11635_AU%3A+P-020385+B2549+Dinorwig+420kV+GIS+2022,RFK,420.0,Dinorwig 420kV GIS,http://ontology.siemens.com/shared/geography/country/did/0.4#Gb,National Grid,11635,Innen,8DQ161,NA
http://infohub.siemens-energy.com/energy/transmission/switchgear/did/11637_AU%3A+P-020440+Le+Treport,RFK,725.0,Le Treport,http://ontology.siemens.com/shared/geography/country/did/0.4#Fr,SGRE,11637,Innen,8VM1-1,NA
http://infohub.siemens-energy.com/energy/transmission/switchgear/did/11640_AU%3A+P-020410+B3027+Mission+69+kV+,RFK,725.0,Mission 69 kV,http://ontology.siemens.com/shared/geography/country/did/0.4#Us,SDG&E,11640,Innen,8dn86,NA
http://infohub.siemens-energy.com/energy/transmission/switchgear/did/11648_AU%3A+P-020488+B3098+UW+Neuhausen+SW+M,RFK,123.0,UW Neuhausen,http://ontology.siemens.com/shared/geography/country/did/0.4#De,SW M,11648,Innen,8dn85,NA
http://infohub.siemens-energy.com/energy/transmission/switchgear/did/11657_AU%3A+P-020373+B2991+ABD+Hudayriat+Island+132kV,BMK,0.0,Hudayriat Island 132kV,ABD,TRANSCO,11657,Innen,8dn85,NA
http://infohub.siemens-energy.com/energy/transmission/switchgear/did/11658_AU%3A+P-020255+B2913+Sun+Ba+Plant+2+161+kV,RFK,161.0,Sun Ba Plant 2,TAI,Sun Ba Power Corp.,11658,Außen,NA,NA
http://infohub.siemens-energy.com/energy/transmission/switchgear/did/11662_AU%3A+P-020415+B3006+UW+Roderbruch,BMK,110.0,UW Roderbruch,http://ontology.siemens.com/shared/geography/country/did/0.4#De,Enercity,11662,Innen,8dn85,37751
http://infohub.siemens-energy.com/energy/transmission/switchgear/did/11665_AU%3A+P-020401+B3014+UW+Ahrensburg-Nord,BMK,123.0,UW Ahrensburg-Nord,http://ontology.siemens.com/shared/geography/country/did/0.4#De,Schleswig-Holstein Netz AG,11665,Innen,8VN1-1,37310
http://infohub.siemens-energy.com/energy/transmission/switchgear/did/11668_AU%3A+P-020351+B2984+GBR+East+Anglia+3+DC-GIS,RFK,0.0,EA3 OWF DC-GIS,NA,East Anglia Three Ltd.,11668,Innen,8DQ1DC PN 471...,NA
http://infohub.siemens-energy.com/energy/transmission/switchgear/did/11678_AU%3A+P-020402+B3020+NDL+Beverwijk+380kV+Ext+%3DC09,BMK,380.0,Beverwijk 380kV,NDL,TenneT TSO BV.,11678,Außen,8DQ161,NA
http://infohub.siemens-energy.com/energy/transmission/switchgear/did/11681_AU%3A+P-020376+B3042+-+BG%26E+Westport+115kV+63kA_USA,RFK,115.0,Westport #11 115kV,NA,BG&E,11681,Außen,8dn86,NA
http://infohub.siemens-energy.com/energy/transmission/switchgear/did/11682_AU%3A+P-019922+UW+Berlin+Mitte+%28Plan+C%29+420+kV+,BMK,0.0,UW Berlin Mitte,NA,50 hertz,11682,Innen,8DQ161,NA
http://infohub.siemens-energy.com/energy/transmission/switchgear/did/11683_AU%3A+P-019922+UW+Berlin+Mitte+%28Plan+C%29+420+kV+,BMK,0.0,UW Berlin Mitte,NA,50 hertz,11683,Innen,8DQ161,NA
http://infohub.siemens-energy.com/energy/transmission/switchgear/did/11684_AU%3A+P-020412+B3056+THA+Replace+Plant+2+GIS,RFK,115.0,Replace Plant 2 GIS ,http://ontology.siemens.com/shared/geography/country/did/0.4#Th,SCCC,11684,Innen,8dn85,37481
http://infohub.siemens-energy.com/energy/transmission/switchgear/did/11685_AU%3A+P-020412+B3056+THA+Replace+Plant+2+GIS,RFK,115.0,Replace Plant 2 GIS ,http://ontology.siemens.com/shared/geography/country/did/0.4#Th,SCCC,11685,Innen,8dn85,37481
http://infohub.siemens-energy.com/energy/transmission/switchgear/did/11687_AU%3A+P-020382+B3022+-+ALFE+LinKou+GP5+161kV,RFK,170.0,ALFE LinKou GP5 161kV,http://ontology.siemens.com/shared/geography/country/did/0.4#Tw,Air Liquide Far East Ltd.,11687,Innen,8dn86,NA
http://infohub.siemens-energy.com/energy/transmission/switchgear/did/11688_AU%3A+P-020414+B3031+DEU+UW+Erfurt+West,BMK,123.0,Rekonstruktion UW Erfurt / West,http://ontology.siemens.com/shared/geography/country/did/0.4#De,SWE Netz GmbH,11688,Außen,8dn85,37887
http://infohub.siemens-energy.com/energy/transmission/switchgear/did/11691_AU%3A+P-020399+B3017+Tr%C3%A9port+-+Noirmoutier+66kV,RFK,66.0,Tréport / Noirmoutier 66kV,http://ontology.siemens.com/shared/geography/country/did/0.4#Fr,CDA / Eolien Maritime France,11691,Innen,8dn85,NA
http://infohub.siemens-energy.com/energy/transmission/switchgear/did/11707_AU%3A+P-020347+DEWA+8DN8+Reactor+cable+housings,BMK,145.0,AU: P-020347 DEWA 8DN8 Reactor cable housings,DUB,DEWA,11707,Außen,8dn85,NA
http://infohub.siemens-energy.com/energy/transmission/switchgear/did/11708_AU%3A+P-020347+DEWA+8DN8+Reactor+cable+housings,BMK,145.0,AU: P-020347 DEWA 8DN8 Reactor cable housings,DUB,DEWA,11708,Außen,8dn85,NA
http://infohub.siemens-energy.com/energy/transmission/switchgear/did/11709_AU%3A+P-020347+DEWA+8DN8+Reactor+cable+housings,BMK,145.0,AU: P-020347 DEWA 8DN8 Reactor cable housings,DUB,DEWA,11709,Außen,8dn85,NA
http://infohub.siemens-energy.com/energy/transmission/switchgear/did/11710_AU%3A+P-019655+B2209+UW+Simmering,BMK,420.0,UW Simmering,Wien,Wiener Netze,11710,Außen,8dn92,NA
http://infohub.siemens-energy.com/energy/transmission/switchgear/did/11711_AU%3A+P-019794+BorWin+5+72%2C5+%2B+420,RFK,0.0,BorWin5,http://ontology.siemens.com/shared/geography/country/did/0.4#De,TenneT Offshore GmbH,11711,Innen,8VN1-1,NA
http://infohub.siemens-energy.com/energy/transmission/switchgear/did/11712_AU%3A+P-020431+B3066+Borouge-4+220kV,BMK,220.0,Borouge-4,ABD,Borouge,11712,Innen,8dn92,NA
http://infohub.siemens-energy.com/energy/transmission/switchgear/did/11713_AU%3A+P-020419+B0367+UW+S%C3%BClldorf+Erw,BMK,123.0,UW Sülldorf Erw,http://ontology.siemens.com/shared/geography/country/did/0.4#De,Stromnetz Hamburg GmbH,11713,Innen,8dn85,NA
http://infohub.siemens-energy.com/energy/transmission/switchgear/did/11714_AU%3A+P-015860+B0797+Alba+Line+6+Expansion+-+Ext.+D24,BMK,220.0,Alba Line 6 Expansion - Ext. D24,BAH,ALBA,11714,Innen,8DQ161,NA
http://infohub.siemens-energy.com/energy/transmission/switchgear/did/11717_AU%3A+P-020425+A2231+PUIGPELAT+220+kV+Ext+%3DD07+-+REE+-+SPA,BMK,220.0,SUBESTACIÓN DE PUIGPELAT 220 kV,http://ontology.siemens.com/shared/geography/country/did/0.4#Es,REE,11717,Innen,8dn92,37888
http://infohub.siemens-energy.com/energy/transmission/switchgear/did/11721_AU%3A+P-019922+UW+Berlin+Mitte+%28Plan+C%29+420+kV+,BMK,0.0,UW Berlin Mitte,NA,50 hertz,11721,Innen,8DQ161,NA
http://infohub.siemens-energy.com/energy/transmission/switchgear/did/11723_AU%3A+P-020407+B3024+KYEC+Tong+Luo+161kV+GIS+,RFK,170.0,KYEC Tong Luo 161kV GIS ,TAI,King Yuan Electronics Co. Ltd.,11723,Innen,8dn86,NA
http://infohub.siemens-energy.com/energy/transmission/switchgear/did/11752_AU%3A+P-020433+B3084+TU+Berlin+Pr%C3%BCfaufbau,BMK,0.0,TU Berlin Prüfaufbau,NA,TU Berlin,11752,Außen,8dn85,NA
http://infohub.siemens-energy.com/energy/transmission/switchgear/did/11758_AU%3A+P-020470+B3090+DEU+HKW+Flensburg+Erweiterung+II+60+kV,BMK,60.0,HKW Flensburg Erweiterung,Flensburg,Stadtwerke Flensburg GmbH,11758,NA,8dn85,NA
http://infohub.siemens-energy.com/energy/transmission/switchgear/did/11763_AU%3A+P-020430+B3061+RAS+LAFFAN+FACILITY+SUBSTATION+220+kV,BMK,220.0,RAS LAFFAN FACILITY SUBSTATION 220 kV,http://ontology.siemens.com/shared/geography/country/did/0.4#Qa,QP,11763,Innen,8dn92,NA
http://infohub.siemens-energy.com/energy/transmission/switchgear/did/11764_AU%3A+P-020430+B3062+MESAIEED+FACILITY+SUBSTATION+220+kV,BMK,220.0,MESAIEED FACILITY SUBSTATION 220 kV ,http://ontology.siemens.com/shared/geography/country/did/0.4#Qa,QP,11764,Innen,8dn92,NA
http://infohub.siemens-energy.com/energy/transmission/switchgear/did/11765_AU%3A+P-020485+B1876+UW+R%C3%B6nnebeck+110+kV+Erweiterung,BMK,123.0,UW Rönnebeck 110 kV Erweiterung,http://ontology.siemens.com/shared/geography/country/did/0.4#De,Wesernetz Bremen,11765,Innen,8dn85,NA
http://infohub.siemens-energy.com/energy/transmission/switchgear/did/11770_AU%3A+P-020385+B2549+Dinorwig+420kV+GIS+2022,RFK,420.0,Dinorwig 420kV GIS,http://ontology.siemens.com/shared/geography/country/did/0.4#Gb,National Grid,11770,Innen,8DQ161,NA
http://infohub.siemens-energy.com/energy/transmission/switchgear/did/11772_AU%3A+P-020455+B3094+Inch+Cape+OWF+Offshore+220kV+%28Circuit1%29,RFK,220.0,Inch Cape OWF Offshore 220kV,http://ontology.siemens.com/shared/geography/country/did/0.4#Gb,Inch Cape Offshore Ltd.,11772,Innen,8dn92,NA
http://infohub.siemens-energy.com/energy/transmission/switchgear/did/11773_AU%3A+P-020455+B3094+Inch+Cape+OWF+Offshore+66kV+%28Circuit+1%29,RFK,66.0,Inch Cape OWF Offshore 66kV,http://ontology.siemens.com/shared/geography/country/did/0.4#Gb,Inch Cape Offshore Limited,11773,Innen,8dn85,NA
http://infohub.siemens-energy.com/energy/transmission/switchgear/did/11795_AU%3A+P-020468+B3102+UW+Riesa+Feralpi,RFK,123.0,UW ESF RiF,http://ontology.siemens.com/shared/geography/country/did/0.4#De,ESF Elbe-Stahlwerke Feralpi GmbH,11795,Innen,8VN1-1,NA
http://infohub.siemens-energy.com/energy/transmission/switchgear/did/11812_AU%3A+P-020122+B2966+B2967+KHM+Phnom+Penh+City+Phase+II+-+GS3+Substation+230-115kV,RFK,230.0,Phnom Penh City T&D Exp. - Phase II,http://ontology.siemens.com/shared/geography/country/did/0.4#Kh,ELECTRICITE DU CAMBODGE,11812,Innen,8dn92,NA
http://infohub.siemens-energy.com/energy/transmission/switchgear/did/11813_AU%3A+P-020480+B3100+DUB+QRYTWRSN+132kV+Extension,BMK,145.0,QRYTWRSN 132kV Extension,DUB,DEWA,11813,Innen,8dn85,NA
http://infohub.siemens-energy.com/energy/transmission/switchgear/did/11818_AU%3A+P-020536+B3168+380kV+GIS+Worley,RFK,380.0,380kV GIS Worley,NDL,Rotterdam Hydrogen Company B.V.,11818,Außen,8DQ161,NA
http://infohub.siemens-energy.com/energy/transmission/switchgear/did/11821_AU%3A+P-020464+B3107+HPP+Dubrovnik+245+kV,BMK,245.0,HPP Dubrovnik 220 kV,NA,HOPS d.o.o,11821,Außen,8DQ161,37125
http://infohub.siemens-energy.com/energy/transmission/switchgear/did/11822_AU%3A+P-020464+B3107+HPP+Dubrovnik+110+kV,BMK,123.0,HPP Dubrovnik 110kV,NA,HOPS d.o.o.,11822,Außen,8dn85,NA
http://infohub.siemens-energy.com/energy/transmission/switchgear/did/11823_AU%3A+P-020466+B3086+Guangzhou+Xinjie+substation,BMK,145.0,Guangzhou Xinjie substation,http://ontology.siemens.com/shared/geography/country/did/0.4#Cn,Guangzhou Power Supply Co. Ltd,11823,Innen,8VN1-1,NA
http://infohub.siemens-energy.com/energy/transmission/switchgear/did/11824_AU%3A+P-020504+B3111+KAN+Gatineau+138+kV,RFK,138.0,Gatineau,http://ontology.siemens.com/shared/geography/country/did/0.4#Ca,Black & McDonald,11824,Innen,8dn85,37439
http://infohub.siemens-energy.com/energy/transmission/switchgear/did/11825_AU%3A+P-020513+B3115+SAN+JORGE+132+kV+-+REE+-+SPA,RFK,132.0,SAN JORGE,SPA,Red Eléctrica de España,11825,Innen,8dn85,35767
http://infohub.siemens-energy.com/energy/transmission/switchgear/did/11826_AU%3A+P-020469+B3131+DEU+UW+Karben+145+kV+,BMK,145.0,UW Karben,http://ontology.siemens.com/shared/geography/country/did/0.4#De,E.ON Avacon AG,11826,Außen,8dn85,NA
http://infohub.siemens-energy.com/energy/transmission/switchgear/did/11831_AU%3A+P-020454+B3093+Inch+Cape+OWF+Onshore+275+kV,RFK,275.0,Inch Cape OWF Onshore 275 kV,http://ontology.siemens.com/shared/geography/country/did/0.4#Gb,Inch Cape Offshore Limited,11831,Außen,8DQ161,NA
http://infohub.siemens-energy.com/energy/transmission/switchgear/did/11832_AU%3A+P-020455+B3095+Inch+Cape+OWF+Offshore+66kV+%28Circuit+2%29,RFK,66.0,Inch Cape OWF Offshore 66kV,http://ontology.siemens.com/shared/geography/country/did/0.4#Gb,Inch Cape Offshore Limited,11832,Innen,8dn85,NA
http://infohub.siemens-energy.com/energy/transmission/switchgear/did/11835_AU%3A+P-020487+B3097+S.E.+La+Caridad+Fundici%C3%B3n+230kV,RFK,230.0,S.E. La Caridad Fundición 230kV,Mexiko,México Generadora de Energía S. de R.L.,11835,Innen,8dn92,NA
http://infohub.siemens-energy.com/energy/transmission/switchgear/did/11860_AU%3A+P-020515+B8791+TPIPI+Saraburi,BMK,145.0,Saraburi (Substation Z54/4),NA,TPI POLENE Co. Ltd,11860,Innen,8dn85,NA
http://infohub.siemens-energy.com/energy/transmission/switchgear/did/11874_AU%3A+P-020570+UA+RZ+Griesheim,RFK,123.0,UA RZ Griesheim ,http://ontology.siemens.com/shared/geography/country/did/0.4#De,Syna GmbH,11874,Innen,8dn85,NA
http://infohub.siemens-energy.com/energy/transmission/switchgear/did/11876_AU%3A+P-020610+B3186+MGIC+220+kV+Ext.,BMK,220.0,MGIC 220 kV Ext.,NA,Transco,11876,Innen,8dn92,37375
http://infohub.siemens-energy.com/energy/transmission/switchgear/did/11885_AU%3A+P-020628+B3209+Sande+converter+station+8VN1,RFK,145.0,Sande Converter Station ,http://ontology.siemens.com/shared/geography/country/did/0.4#No,Siemens Mobility,11885,Innen,8VN1-1,37778
http://infohub.siemens-energy.com/energy/transmission/switchgear/did/11886_AU%3A+P-020623+B3187+UW+Perlach,RFK,123.0,UW Perlach,http://ontology.siemens.com/shared/geography/country/did/0.4#De,SW M,11886,Innen,8dn85,NA
http://infohub.siemens-energy.com/energy/transmission/switchgear/did/11890_AU%3A+P-020581+B3172+EGY+Gasco+66+kV,BMK,123.0,Gasco 66kV,http://ontology.siemens.com/shared/geography/country/did/0.4#Eg,Gasco,11890,Innen,8dn85,37551
http://infohub.siemens-energy.com/energy/transmission/switchgear/did/11892_AU%3A+P-020545+A9032+SABINAL+66+kV+Ext2+-+REE,BMK,66.0,SUBESTACIÓN SABINAL PARQUE DE 66 kV,SPA,Red Eléctrica de España,11892,Innen,8dn85,38115
http://infohub.siemens-energy.com/energy/transmission/switchgear/did/11895_AU%3A+P-020455+B3095+Inch+Cape+OWF+Offshore+220kV+%28Circuit2%29,RFK,220.0,Inch Cape OWF Offshore 220kV,http://ontology.siemens.com/shared/geography/country/did/0.4#Gb,Inch Cape Offshore Ltd.,11895,Innen,8dn92,NA
http://infohub.siemens-energy.com/energy/transmission/switchgear/did/11914_AU%3A+P-020600+B1649+UW+Zaya+Erweiterung+GIB+%3DCA02,BMK,380.0,UW Zaya,NA,APG,11914,Außen,8dq16,NA
http://infohub.siemens-energy.com/energy/transmission/switchgear/did/11920_AU%3A+P-019922+UW+Berlin+Mitte+%28Plan+C%29+420+kV+,BMK,0.0,UW Berlin Mitte,NA,50 hertz,11920,Innen,8DQ161,NA
http://infohub.siemens-energy.com/energy/transmission/switchgear/did/7596_AU%3A+P-020511+B0295+China+Steel+Chemical+Corp.+69kV,BMK,725.0,China Steel Chemical Corp. 69kV,http://ontology.siemens.com/shared/geography/country/did/0.4#Tw,China Steel Chemical Corporation,7596,Innen,8dn85,NA
http://infohub.siemens-energy.com/energy/transmission/switchgear/did/8730_AU%3A+P-019764+B2341+Hylen+Power+Plant+8DQ1-6,BMK,420.0,Transformer Connection,http://ontology.siemens.com/shared/geography/country/did/0.4#No,Statkraft Hylen Power Plant,8730,Außen,8dq16,35688
http://infohub.siemens-energy.com/energy/transmission/switchgear/did/8952_AU%3A+P-017016+B-1287+Shahid+Rajaee+Port+72%2C5kV+GIS,BMK,725.0,Shahid Rajaee Port 72 5kV GIS,http://ontology.siemens.com/shared/geography/country/did/0.4#Ir,National Iranian Petrochemical Co.,8952,Innen,8dn85,NA
http://infohub.siemens-energy.com/energy/transmission/switchgear/did/8995_AU%3A+P-019798+B2408+Angleur+70kV+-+Ext.+2018+BEL+-+Transf.+Bay,RFK,100.0,Angleur 70kV - Extension2 (=F14),http://ontology.siemens.com/shared/geography/country/did/0.4#Be,Ellia Asset S.A.,8995,Innen,8dn85,NA
http://infohub.siemens-energy.com/energy/transmission/switchgear/did/9152_P-019864+B2448+SA+Neuland+110kV,BMK,123.0,SA Neuland 110kV,http://ontology.siemens.com/shared/geography/country/did/0.4#De,Stromnetz Hamburg GmbH,9152,Innen,8dn85,NA
http://infohub.siemens-energy.com/energy/transmission/switchgear/did/9286_AU%3A+P-016982+B1273+Doln%C3%AD+Bene%C5%A1ov+CRE,BMK,123.0,Dolní Benešov,CRE,NA,9286,Innen,8dn85,NA
http://infohub.siemens-energy.com/energy/transmission/switchgear/did/9345_AU%3A+P-019818+B2406+Aalst+70kV,RFK,70.0,Aalst 70kV,http://ontology.siemens.com/shared/geography/country/did/0.4#Be,ELIA  ASSET NV/SA,9345,Innen,8dn85,NA
http://infohub.siemens-energy.com/energy/transmission/switchgear/did/9621_AU%3A+P-017058+B1303+RUS+Volzhskaya+GES,BMK,500.0,Volzhskaya GES,Russland,PAO RusHydro,9621,Innen,8dq1,13503
http://infohub.siemens-energy.com/energy/transmission/switchgear/did/9700_AU%3A+P-019145+B2049+Kaskasi+II,RFK,170.0,Kaskasi II 155kV Offshore,http://ontology.siemens.com/shared/geography/country/did/0.4#De,Innogy,9700,Innen,8dn86,NA
http://infohub.siemens-energy.com/energy/transmission/switchgear/did/9732_AU%3A+P-019739+B2194+NOR+AGDER+Frame+-+Austerdalen,BMK,132.0,Austerdalen,http://ontology.siemens.com/shared/geography/country/did/0.4#No,Agder Energi Nett AS,9732,Innen,8VN1-1,NA
http://infohub.siemens-energy.com/energy/transmission/switchgear/did/9775.1_AU%3A+P-018133+VDB+33726+SS16P+8DN8-6+Saudi+Arabien,BMK,115.0,SS16P 115kV,SAR,Royal Commission,9775.1,Innen,8dn86,NA
http://infohub.siemens-energy.com/energy/transmission/switchgear/did/9775.2_AU%3A+P-018133+VDB+33726+SS16P+8DN8-6+Saudi+Arabien,BMK,115.0,SS16P 115kV,SAR,Royal Commission,9775.2,Außen,8dn86,NA
http://infohub.siemens-energy.com/energy/transmission/switchgear/did/9845_AU%3A+P-019983+B2586+NOR+Nye+Nedre+Fiskumfoss+145kV+8VN1,RFK,145.0,Nye Nedre Fiskumfoss 145kV,NORWEGEN,NTE Energi,9845,Innen,8VN1-1,NA
http://infohub.siemens-energy.com/energy/transmission/switchgear/did/9925_AU%3A+P-018098+B2851+Livermore+115+kV+PG%26E,RFK,115.0,Livermore Training Center GIS Bay,http://ontology.siemens.com/shared/geography/country/did/0.4#Us,PG&E,9925,Außen,8VN1-1,NA
http://infohub.siemens-energy.com/energy/transmission/switchgear/did/9944_AU%3A+P-020225+Vesterhav,BMK,725.0,Vesterhav,http://ontology.siemens.com/shared/geography/country/did/0.4#Dk,Vattenfall Vindkraft A/S,9944,Innen,8VM1-1,NA
